word	nodeType	synsetCount	unit
worldwide	ADJ	3	02x01_-_Follow_Mama_and_Papa
discrete	ADJ	1	02x01_-_Follow_Mama_and_Papa
fierce	ADJ	4	02x01_-_Follow_Mama_and_Papa
key	ADJ	21	02x01_-_Follow_Mama_and_Papa
ostanian	ADJ	0	02x01_-_Follow_Mama_and_Papa
skilled	ADJ	1	02x01_-_Follow_Mama_and_Papa
different	ADJ	5	02x01_-_Follow_Mama_and_Papa
true	ADJ	15	02x01_-_Follow_Mama_and_Papa
true	ADJ	15	02x01_-_Follow_Mama_and_Papa
true	ADJ	15	02x01_-_Follow_Mama_and_Papa
psychic	ADJ	3	02x01_-_Follow_Mama_and_Papa
own	ADJ	2	02x01_-_Follow_Mama_and_Papa
personal	ADJ	6	02x01_-_Follow_Mama_and_Papa
fake	ADJ	8	02x01_-_Follow_Mama_and_Papa
other	ADJ	4	02x01_-_Follow_Mama_and_Papa
original	ADJ	6	02x01_-_Follow_Mama_and_Papa
infamous	ADJ	1	02x01_-_Follow_Mama_and_Papa
several	ADJ	3	02x01_-_Follow_Mama_and_Papa
boring	ADJ	5	02x01_-_Follow_Mama_and_Papa
single	ADJ	10	02x01_-_Follow_Mama_and_Papa
good	ADJ	27	02x01_-_Follow_Mama_and_Papa
certain	ADJ	7	02x01_-_Follow_Mama_and_Papa
exciting	ADJ	10	02x01_-_Follow_Mama_and_Papa
secret	ADJ	14	02x01_-_Follow_Mama_and_Papa
unwell	ADJ	1	02x01_-_Follow_Mama_and_Papa
little	ADJ	10	02x01_-_Follow_Mama_and_Papa
armed	ADJ	5	02x01_-_Follow_Mama_and_Papa
little	ADJ	10	02x01_-_Follow_Mama_and_Papa
tired	ADJ	6	02x01_-_Follow_Mama_and_Papa
sure	ADJ	10	02x01_-_Follow_Mama_and_Papa
well	ADJ	22	02x01_-_Follow_Mama_and_Papa
good	ADJ	27	02x01_-_Follow_Mama_and_Papa
right	ADJ	36	02x01_-_Follow_Mama_and_Papa
bad	ADJ	17	02x01_-_Follow_Mama_and_Papa
unhappy	ADJ	4	02x01_-_Follow_Mama_and_Papa
impressive	ADJ	2	02x01_-_Follow_Mama_and_Papa
good	ADJ	27	02x01_-_Follow_Mama_and_Papa
good	ADJ	27	02x01_-_Follow_Mama_and_Papa
well	ADJ	22	02x01_-_Follow_Mama_and_Papa
well	ADJ	22	02x01_-_Follow_Mama_and_Papa
well	ADJ	22	02x01_-_Follow_Mama_and_Papa
good	ADJ	27	02x01_-_Follow_Mama_and_Papa
good	ADJ	27	02x01_-_Follow_Mama_and_Papa
loose	ADJ	18	02x01_-_Follow_Mama_and_Papa
other	ADJ	4	02x01_-_Follow_Mama_and_Papa
normal	ADJ	5	02x01_-_Follow_Mama_and_Papa
married	ADJ	5	02x01_-_Follow_Mama_and_Papa
great	ADJ	7	02x01_-_Follow_Mama_and_Papa
exciting	ADJ	10	02x01_-_Follow_Mama_and_Papa
sorry	ADJ	4	02x01_-_Follow_Mama_and_Papa
sad	ADJ	3	02x01_-_Follow_Mama_and_Papa
many	ADJ	1	02x01_-_Follow_Mama_and_Papa
odd	ADJ	6	02x01_-_Follow_Mama_and_Papa
important	ADJ	5	02x01_-_Follow_Mama_and_Papa
new	ADJ	12	02x01_-_Follow_Mama_and_Papa
right	ADJ	36	02x01_-_Follow_Mama_and_Papa
last	ADJ	21	02x01_-_Follow_Mama_and_Papa
sorry	ADJ	4	02x01_-_Follow_Mama_and_Papa
more	ADJ	5	02x01_-_Follow_Mama_and_Papa
mad	ADJ	4	02x01_-_Follow_Mama_and_Papa
mad	ADJ	4	02x01_-_Follow_Mama_and_Papa
good	ADJ	27	02x01_-_Follow_Mama_and_Papa
easy	ADJ	15	02x01_-_Follow_Mama_and_Papa
worried	ADJ	8	02x01_-_Follow_Mama_and_Papa
hopeless	ADJ	4	02x01_-_Follow_Mama_and_Papa
little	ADJ	10	02x01_-_Follow_Mama_and_Papa
little	ADJ	10	02x01_-_Follow_Mama_and_Papa
much	ADJ	7	02x01_-_Follow_Mama_and_Papa
sharp	ADJ	15	02x01_-_Follow_Mama_and_Papa
careful	ADJ	5	02x01_-_Follow_Mama_and_Papa
more	ADJ	5	02x01_-_Follow_Mama_and_Papa
capable	ADJ	5	02x01_-_Follow_Mama_and_Papa
secret	ADJ	14	02x01_-_Follow_Mama_and_Papa
countless	ADJ	1	02x01_-_Follow_Mama_and_Papa
fun	ADJ	4	02x01_-_Follow_Mama_and_Papa
happy	ADJ	4	02x01_-_Follow_Mama_and_Papa
safe	ADJ	7	02x01_-_Follow_Mama_and_Papa
nice	ADJ	6	02x01_-_Follow_Mama_and_Papa
good	ADJ	27	02x01_-_Follow_Mama_and_Papa
faint	ADJ	8	02x01_-_Follow_Mama_and_Papa
sorry	ADJ	4	02x01_-_Follow_Mama_and_Papa
dangerous	ADJ	2	02x01_-_Follow_Mama_and_Papa
many	ADJ	1	02x01_-_Follow_Mama_and_Papa
bad	ADJ	17	02x01_-_Follow_Mama_and_Papa
wrong	ADJ	13	02x01_-_Follow_Mama_and_Papa
like	ADJ	11	02x01_-_Follow_Mama_and_Papa
enough	ADJ	3	02x01_-_Follow_Mama_and_Papa
cool	ADJ	11	02x01_-_Follow_Mama_and_Papa
pathetic	ADJ	3	02x01_-_Follow_Mama_and_Papa
mean	ADJ	16	02x01_-_Follow_Mama_and_Papa
pitiful	ADJ	3	02x01_-_Follow_Mama_and_Papa
obtrusive	ADJ	2	02x01_-_Follow_Mama_and_Papa
sure	ADJ	10	02x01_-_Follow_Mama_and_Papa
tired	ADJ	6	02x01_-_Follow_Mama_and_Papa
sure	ADJ	10	02x01_-_Follow_Mama_and_Papa
sorry	ADJ	4	02x01_-_Follow_Mama_and_Papa
casual	ADJ	9	02x01_-_Follow_Mama_and_Papa
little	ADJ	10	02x01_-_Follow_Mama_and_Papa
bored	ADJ	4	02x01_-_Follow_Mama_and_Papa
lone	ADJ	3	02x01_-_Follow_Mama_and_Papa
horrendous	ADJ	1	02x01_-_Follow_Mama_and_Papa
right	ADJ	36	02x01_-_Follow_Mama_and_Papa
bad	ADJ	17	02x01_-_Follow_Mama_and_Papa
great	ADJ	7	02x01_-_Follow_Mama_and_Papa
more	ADJ	5	02x01_-_Follow_Mama_and_Papa
little	ADJ	10	02x01_-_Follow_Mama_and_Papa
fake	ADJ	8	02x01_-_Follow_Mama_and_Papa
little	ADJ	10	02x01_-_Follow_Mama_and_Papa
dry	ADJ	19	02x01_-_Follow_Mama_and_Papa
rare	ADJ	6	02x01_-_Follow_Mama_and_Papa
pufferfish	ADJ	2	02x01_-_Follow_Mama_and_Papa
toxic	ADJ	1	02x01_-_Follow_Mama_and_Papa
delicious	ADJ	3	02x01_-_Follow_Mama_and_Papa
pufferfish	ADJ	2	02x01_-_Follow_Mama_and_Papa
surprising	ADJ	4	02x01_-_Follow_Mama_and_Papa
thick	ADJ	13	02x01_-_Follow_Mama_and_Papa
well	ADJ	22	02x01_-_Follow_Mama_and_Papa
high	ADJ	18	02x01_-_Follow_Mama_and_Papa
little	ADJ	10	02x01_-_Follow_Mama_and_Papa
tingly	ADJ	0	02x01_-_Follow_Mama_and_Papa
hungry	ADJ	2	02x01_-_Follow_Mama_and_Papa
good	ADJ	27	02x01_-_Follow_Mama_and_Papa
dangerous	ADJ	2	02x01_-_Follow_Mama_and_Papa
fine	ADJ	10	02x01_-_Follow_Mama_and_Papa
normal	ADJ	5	02x01_-_Follow_Mama_and_Papa
wrong	ADJ	13	02x01_-_Follow_Mama_and_Papa
extreme	ADJ	6	02x01_-_Follow_Mama_and_Papa
sorry	ADJ	4	02x01_-_Follow_Mama_and_Papa
able	ADJ	4	02x01_-_Follow_Mama_and_Papa
right	ADJ	36	02x01_-_Follow_Mama_and_Papa
extra	ADJ	7	02x01_-_Follow_Mama_and_Papa
lethal	ADJ	1	02x01_-_Follow_Mama_and_Papa
olive	ADJ	6	02x01_-_Follow_Mama_and_Papa
perfect	ADJ	5	02x01_-_Follow_Mama_and_Papa
little	ADJ	10	02x01_-_Follow_Mama_and_Papa
small	ADJ	13	02x01_-_Follow_Mama_and_Papa
actual	ADJ	5	02x01_-_Follow_Mama_and_Papa
last	ADJ	21	02x01_-_Follow_Mama_and_Papa
bad	ADJ	17	02x01_-_Follow_Mama_and_Papa
happy	ADJ	4	02x01_-_Follow_Mama_and_Papa
talented	ADJ	1	02x01_-_Follow_Mama_and_Papa
different	ADJ	5	02x01_-_Follow_Mama_and_Papa
normal	ADJ	5	02x01_-_Follow_Mama_and_Papa
hectic	ADJ	1	02x01_-_Follow_Mama_and_Papa
delicious	ADJ	3	02x01_-_Follow_Mama_and_Papa
well	ADJ	22	02x01_-_Follow_Mama_and_Papa
young	ADJ	14	02x01_-_Follow_Mama_and_Papa
young	ADJ	14	02x01_-_Follow_Mama_and_Papa
special	ADJ	10	02x02_-_Bond_s_Strategy_to_Stay_Alive-Damian_s_Field_Research_Trip
happy	ADJ	4	02x02_-_Bond_s_Strategy_to_Stay_Alive-Damian_s_Field_Research_Trip
final	ADJ	5	02x02_-_Bond_s_Strategy_to_Stay_Alive-Damian_s_Field_Research_Trip
busy	ADJ	6	02x02_-_Bond_s_Strategy_to_Stay_Alive-Damian_s_Field_Research_Trip
sorry	ADJ	4	02x02_-_Bond_s_Strategy_to_Stay_Alive-Damian_s_Field_Research_Trip
late	ADJ	11	02x02_-_Bond_s_Strategy_to_Stay_Alive-Damian_s_Field_Research_Trip
available	ADJ	3	02x02_-_Bond_s_Strategy_to_Stay_Alive-Damian_s_Field_Research_Trip
good	ADJ	27	02x02_-_Bond_s_Strategy_to_Stay_Alive-Damian_s_Field_Research_Trip
ready	ADJ	8	02x02_-_Bond_s_Strategy_to_Stay_Alive-Damian_s_Field_Research_Trip
bad	ADJ	17	02x02_-_Bond_s_Strategy_to_Stay_Alive-Damian_s_Field_Research_Trip
ready	ADJ	8	02x02_-_Bond_s_Strategy_to_Stay_Alive-Damian_s_Field_Research_Trip
angry	ADJ	3	02x02_-_Bond_s_Strategy_to_Stay_Alive-Damian_s_Field_Research_Trip
careful	ADJ	5	02x02_-_Bond_s_Strategy_to_Stay_Alive-Damian_s_Field_Research_Trip
sick	ADJ	9	02x02_-_Bond_s_Strategy_to_Stay_Alive-Damian_s_Field_Research_Trip
dead	ADJ	21	02x02_-_Bond_s_Strategy_to_Stay_Alive-Damian_s_Field_Research_Trip
early	ADJ	9	02x02_-_Bond_s_Strategy_to_Stay_Alive-Damian_s_Field_Research_Trip
stray	ADJ	6	02x02_-_Bond_s_Strategy_to_Stay_Alive-Damian_s_Field_Research_Trip
bad	ADJ	17	02x02_-_Bond_s_Strategy_to_Stay_Alive-Damian_s_Field_Research_Trip
new	ADJ	12	02x02_-_Bond_s_Strategy_to_Stay_Alive-Damian_s_Field_Research_Trip
last	ADJ	21	02x02_-_Bond_s_Strategy_to_Stay_Alive-Damian_s_Field_Research_Trip
quiet	ADJ	13	02x02_-_Bond_s_Strategy_to_Stay_Alive-Damian_s_Field_Research_Trip
busy	ADJ	6	02x02_-_Bond_s_Strategy_to_Stay_Alive-Damian_s_Field_Research_Trip
safe	ADJ	7	02x02_-_Bond_s_Strategy_to_Stay_Alive-Damian_s_Field_Research_Trip
helpful	ADJ	1	02x02_-_Bond_s_Strategy_to_Stay_Alive-Damian_s_Field_Research_Trip
many	ADJ	1	02x02_-_Bond_s_Strategy_to_Stay_Alive-Damian_s_Field_Research_Trip
tight	ADJ	16	02x02_-_Bond_s_Strategy_to_Stay_Alive-Damian_s_Field_Research_Trip
much	ADJ	7	02x02_-_Bond_s_Strategy_to_Stay_Alive-Damian_s_Field_Research_Trip
able	ADJ	4	02x02_-_Bond_s_Strategy_to_Stay_Alive-Damian_s_Field_Research_Trip
long	ADJ	12	02x02_-_Bond_s_Strategy_to_Stay_Alive-Damian_s_Field_Research_Trip
insane	ADJ	2	02x02_-_Bond_s_Strategy_to_Stay_Alive-Damian_s_Field_Research_Trip
good	ADJ	27	02x02_-_Bond_s_Strategy_to_Stay_Alive-Damian_s_Field_Research_Trip
worried	ADJ	8	02x02_-_Bond_s_Strategy_to_Stay_Alive-Damian_s_Field_Research_Trip
happy	ADJ	4	02x02_-_Bond_s_Strategy_to_Stay_Alive-Damian_s_Field_Research_Trip
elegant	ADJ	3	02x02_-_Bond_s_Strategy_to_Stay_Alive-Damian_s_Field_Research_Trip
unrefined	ADJ	2	02x02_-_Bond_s_Strategy_to_Stay_Alive-Damian_s_Field_Research_Trip
lazy	ADJ	2	02x02_-_Bond_s_Strategy_to_Stay_Alive-Damian_s_Field_Research_Trip
careful	ADJ	5	02x02_-_Bond_s_Strategy_to_Stay_Alive-Damian_s_Field_Research_Trip
last	ADJ	21	02x02_-_Bond_s_Strategy_to_Stay_Alive-Damian_s_Field_Research_Trip
right	ADJ	36	02x02_-_Bond_s_Strategy_to_Stay_Alive-Damian_s_Field_Research_Trip
disheveled	ADJ	2	02x02_-_Bond_s_Strategy_to_Stay_Alive-Damian_s_Field_Research_Trip
nice	ADJ	6	02x02_-_Bond_s_Strategy_to_Stay_Alive-Damian_s_Field_Research_Trip
good	ADJ	27	02x02_-_Bond_s_Strategy_to_Stay_Alive-Damian_s_Field_Research_Trip
right	ADJ	36	02x02_-_Bond_s_Strategy_to_Stay_Alive-Damian_s_Field_Research_Trip
elegant	ADJ	3	02x02_-_Bond_s_Strategy_to_Stay_Alive-Damian_s_Field_Research_Trip
elegant	ADJ	3	02x02_-_Bond_s_Strategy_to_Stay_Alive-Damian_s_Field_Research_Trip
young	ADJ	14	02x02_-_Bond_s_Strategy_to_Stay_Alive-Damian_s_Field_Research_Trip
fun	ADJ	4	02x02_-_Bond_s_Strategy_to_Stay_Alive-Damian_s_Field_Research_Trip
wonderful	ADJ	1	02x02_-_Bond_s_Strategy_to_Stay_Alive-Damian_s_Field_Research_Trip
skilled	ADJ	1	02x02_-_Bond_s_Strategy_to_Stay_Alive-Damian_s_Field_Research_Trip
beautiful	ADJ	2	02x02_-_Bond_s_Strategy_to_Stay_Alive-Damian_s_Field_Research_Trip
little	ADJ	10	02x02_-_Bond_s_Strategy_to_Stay_Alive-Damian_s_Field_Research_Trip
good	ADJ	27	02x02_-_Bond_s_Strategy_to_Stay_Alive-Damian_s_Field_Research_Trip
only	ADJ	9	02x02_-_Bond_s_Strategy_to_Stay_Alive-Damian_s_Field_Research_Trip
efficient	ADJ	2	02x02_-_Bond_s_Strategy_to_Stay_Alive-Damian_s_Field_Research_Trip
little	ADJ	10	02x02_-_Bond_s_Strategy_to_Stay_Alive-Damian_s_Field_Research_Trip
left	ADJ	24	02x02_-_Bond_s_Strategy_to_Stay_Alive-Damian_s_Field_Research_Trip
second	ADJ	15	02x02_-_Bond_s_Strategy_to_Stay_Alive-Damian_s_Field_Research_Trip
least	ADJ	3	02x02_-_Bond_s_Strategy_to_Stay_Alive-Damian_s_Field_Research_Trip
right	ADJ	36	02x02_-_Bond_s_Strategy_to_Stay_Alive-Damian_s_Field_Research_Trip
sorry	ADJ	4	02x02_-_Bond_s_Strategy_to_Stay_Alive-Damian_s_Field_Research_Trip
shallow	ADJ	6	02x02_-_Bond_s_Strategy_to_Stay_Alive-Damian_s_Field_Research_Trip
current	ADJ	4	02x02_-_Bond_s_Strategy_to_Stay_Alive-Damian_s_Field_Research_Trip
fast	ADJ	15	02x02_-_Bond_s_Strategy_to_Stay_Alive-Damian_s_Field_Research_Trip
cold	ADJ	16	02x02_-_Bond_s_Strategy_to_Stay_Alive-Damian_s_Field_Research_Trip
warm	ADJ	13	02x02_-_Bond_s_Strategy_to_Stay_Alive-Damian_s_Field_Research_Trip
hungry	ADJ	2	02x02_-_Bond_s_Strategy_to_Stay_Alive-Damian_s_Field_Research_Trip
wet	ADJ	9	02x02_-_Bond_s_Strategy_to_Stay_Alive-Damian_s_Field_Research_Trip
fancy	ADJ	6	02x02_-_Bond_s_Strategy_to_Stay_Alive-Damian_s_Field_Research_Trip
own	ADJ	2	02x02_-_Bond_s_Strategy_to_Stay_Alive-Damian_s_Field_Research_Trip
good	ADJ	27	02x02_-_Bond_s_Strategy_to_Stay_Alive-Damian_s_Field_Research_Trip
right	ADJ	36	02x02_-_Bond_s_Strategy_to_Stay_Alive-Damian_s_Field_Research_Trip
bad	ADJ	17	02x02_-_Bond_s_Strategy_to_Stay_Alive-Damian_s_Field_Research_Trip
own	ADJ	2	02x02_-_Bond_s_Strategy_to_Stay_Alive-Damian_s_Field_Research_Trip
delicious	ADJ	3	02x02_-_Bond_s_Strategy_to_Stay_Alive-Damian_s_Field_Research_Trip
super	ADJ	5	02x02_-_Bond_s_Strategy_to_Stay_Alive-Damian_s_Field_Research_Trip
yummy	ADJ	1	02x02_-_Bond_s_Strategy_to_Stay_Alive-Damian_s_Field_Research_Trip
good	ADJ	27	02x02_-_Bond_s_Strategy_to_Stay_Alive-Damian_s_Field_Research_Trip
other	ADJ	4	02x02_-_Bond_s_Strategy_to_Stay_Alive-Damian_s_Field_Research_Trip
amazing	ADJ	4	02x02_-_Bond_s_Strategy_to_Stay_Alive-Damian_s_Field_Research_Trip
young	ADJ	14	02x02_-_Bond_s_Strategy_to_Stay_Alive-Damian_s_Field_Research_Trip
nice	ADJ	6	02x02_-_Bond_s_Strategy_to_Stay_Alive-Damian_s_Field_Research_Trip
right	ADJ	36	02x02_-_Bond_s_Strategy_to_Stay_Alive-Damian_s_Field_Research_Trip
idle	ADJ	10	02x02_-_Bond_s_Strategy_to_Stay_Alive-Damian_s_Field_Research_Trip
new	ADJ	12	02x02_-_Bond_s_Strategy_to_Stay_Alive-Damian_s_Field_Research_Trip
idle	ADJ	10	02x02_-_Bond_s_Strategy_to_Stay_Alive-Damian_s_Field_Research_Trip
famous	ADJ	1	02x02_-_Bond_s_Strategy_to_Stay_Alive-Damian_s_Field_Research_Trip
idle	ADJ	10	02x02_-_Bond_s_Strategy_to_Stay_Alive-Damian_s_Field_Research_Trip
idle	ADJ	10	02x02_-_Bond_s_Strategy_to_Stay_Alive-Damian_s_Field_Research_Trip
idle	ADJ	10	02x02_-_Bond_s_Strategy_to_Stay_Alive-Damian_s_Field_Research_Trip
simple	ADJ	9	02x02_-_Bond_s_Strategy_to_Stay_Alive-Damian_s_Field_Research_Trip
minded	ADJ	8	02x02_-_Bond_s_Strategy_to_Stay_Alive-Damian_s_Field_Research_Trip
dry	ADJ	19	02x02_-_Bond_s_Strategy_to_Stay_Alive-Damian_s_Field_Research_Trip
third	ADJ	8	02x02_-_Bond_s_Strategy_to_Stay_Alive-Damian_s_Field_Research_Trip
tasty	ADJ	1	02x02_-_Bond_s_Strategy_to_Stay_Alive-Damian_s_Field_Research_Trip
beautiful	ADJ	2	02x02_-_Bond_s_Strategy_to_Stay_Alive-Damian_s_Field_Research_Trip
well	ADJ	22	02x02_-_Bond_s_Strategy_to_Stay_Alive-Damian_s_Field_Research_Trip
commendable	ADJ	2	02x02_-_Bond_s_Strategy_to_Stay_Alive-Damian_s_Field_Research_Trip
wonderful	ADJ	1	02x02_-_Bond_s_Strategy_to_Stay_Alive-Damian_s_Field_Research_Trip
right	ADJ	36	02x02_-_Bond_s_Strategy_to_Stay_Alive-Damian_s_Field_Research_Trip
cool	ADJ	11	02x02_-_Bond_s_Strategy_to_Stay_Alive-Damian_s_Field_Research_Trip
particular	ADJ	9	02x02_-_Bond_s_Strategy_to_Stay_Alive-Damian_s_Field_Research_Trip
okay	ADJ	4	02x02_-_Bond_s_Strategy_to_Stay_Alive-Damian_s_Field_Research_Trip
wonderful	ADJ	1	02x02_-_Bond_s_Strategy_to_Stay_Alive-Damian_s_Field_Research_Trip
serious	ADJ	6	02x02_-_Bond_s_Strategy_to_Stay_Alive-Damian_s_Field_Research_Trip
possible	ADJ	4	02x02_-_Bond_s_Strategy_to_Stay_Alive-Damian_s_Field_Research_Trip
good	ADJ	27	02x02_-_Bond_s_Strategy_to_Stay_Alive-Damian_s_Field_Research_Trip
outer	ADJ	13	02x02_-_Bond_s_Strategy_to_Stay_Alive-Damian_s_Field_Research_Trip
young	ADJ	14	02x02_-_Bond_s_Strategy_to_Stay_Alive-Damian_s_Field_Research_Trip
lame	ADJ	5	02x02_-_Bond_s_Strategy_to_Stay_Alive-Damian_s_Field_Research_Trip
beautiful	ADJ	2	02x02_-_Bond_s_Strategy_to_Stay_Alive-Damian_s_Field_Research_Trip
beautiful	ADJ	2	02x02_-_Bond_s_Strategy_to_Stay_Alive-Damian_s_Field_Research_Trip
big	ADJ	17	02x02_-_Bond_s_Strategy_to_Stay_Alive-Damian_s_Field_Research_Trip
delicious	ADJ	3	02x02_-_Bond_s_Strategy_to_Stay_Alive-Damian_s_Field_Research_Trip
sure	ADJ	10	02x02_-_Bond_s_Strategy_to_Stay_Alive-Damian_s_Field_Research_Trip
healthy	ADJ	5	02x02_-_Bond_s_Strategy_to_Stay_Alive-Damian_s_Field_Research_Trip
able	ADJ	4	02x02_-_Bond_s_Strategy_to_Stay_Alive-Damian_s_Field_Research_Trip
elegant	ADJ	3	02x02_-_Bond_s_Strategy_to_Stay_Alive-Damian_s_Field_Research_Trip
fun	ADJ	4	02x02_-_Bond_s_Strategy_to_Stay_Alive-Damian_s_Field_Research_Trip
little	ADJ	10	02x02_-_Bond_s_Strategy_to_Stay_Alive-Damian_s_Field_Research_Trip
elegant	ADJ	3	02x02_-_Bond_s_Strategy_to_Stay_Alive-Damian_s_Field_Research_Trip
original	ADJ	6	02x03_-_Mission_and_Family-The_Elegant_Bondman-The_Heart_of_a_Child
hefty	ADJ	3	02x03_-_Mission_and_Family-The_Elegant_Bondman-The_Heart_of_a_Child
good	ADJ	27	02x03_-_Mission_and_Family-The_Elegant_Bondman-The_Heart_of_a_Child
lovely	ADJ	3	02x03_-_Mission_and_Family-The_Elegant_Bondman-The_Heart_of_a_Child
good	ADJ	27	02x03_-_Mission_and_Family-The_Elegant_Bondman-The_Heart_of_a_Child
next	ADJ	4	02x03_-_Mission_and_Family-The_Elegant_Bondman-The_Heart_of_a_Child
aware	ADJ	2	02x03_-_Mission_and_Family-The_Elegant_Bondman-The_Heart_of_a_Child
vulgar	ADJ	4	02x03_-_Mission_and_Family-The_Elegant_Bondman-The_Heart_of_a_Child
Most	ADJ	5	02x03_-_Mission_and_Family-The_Elegant_Bondman-The_Heart_of_a_Child
underground	ADJ	6	02x03_-_Mission_and_Family-The_Elegant_Bondman-The_Heart_of_a_Child
real	ADJ	13	02x03_-_Mission_and_Family-The_Elegant_Bondman-The_Heart_of_a_Child
old	ADJ	9	02x03_-_Mission_and_Family-The_Elegant_Bondman-The_Heart_of_a_Child
past	ADJ	6	02x03_-_Mission_and_Family-The_Elegant_Bondman-The_Heart_of_a_Child
anti	ADJ	2	02x03_-_Mission_and_Family-The_Elegant_Bondman-The_Heart_of_a_Child
-	ADJ	0	02x03_-_Mission_and_Family-The_Elegant_Bondman-The_Heart_of_a_Child
government	ADJ	4	02x03_-_Mission_and_Family-The_Elegant_Bondman-The_Heart_of_a_Child
extremist	ADJ	2	02x03_-_Mission_and_Family-The_Elegant_Bondman-The_Heart_of_a_Child
stupid	ADJ	4	02x03_-_Mission_and_Family-The_Elegant_Bondman-The_Heart_of_a_Child
rid	ADJ	1	02x03_-_Mission_and_Family-The_Elegant_Bondman-The_Heart_of_a_Child
public	ADJ	4	02x03_-_Mission_and_Family-The_Elegant_Bondman-The_Heart_of_a_Child
own	ADJ	2	02x03_-_Mission_and_Family-The_Elegant_Bondman-The_Heart_of_a_Child
same	ADJ	6	02x03_-_Mission_and_Family-The_Elegant_Bondman-The_Heart_of_a_Child
sick	ADJ	9	02x03_-_Mission_and_Family-The_Elegant_Bondman-The_Heart_of_a_Child
third	ADJ	8	02x03_-_Mission_and_Family-The_Elegant_Bondman-The_Heart_of_a_Child
u-8	ADJ	0	02x03_-_Mission_and_Family-The_Elegant_Bondman-The_Heart_of_a_Child
fellow	ADJ	7	02x03_-_Mission_and_Family-The_Elegant_Bondman-The_Heart_of_a_Child
set	ADJ	45	02x03_-_Mission_and_Family-The_Elegant_Bondman-The_Heart_of_a_Child
central	ADJ	3	02x03_-_Mission_and_Family-The_Elegant_Bondman-The_Heart_of_a_Child
12th	ADJ	1	02x03_-_Mission_and_Family-The_Elegant_Bondman-The_Heart_of_a_Child
subject	ADJ	15	02x03_-_Mission_and_Family-The_Elegant_Bondman-The_Heart_of_a_Child
female	ADJ	5	02x03_-_Mission_and_Family-The_Elegant_Bondman-The_Heart_of_a_Child
notable	ADJ	3	02x03_-_Mission_and_Family-The_Elegant_Bondman-The_Heart_of_a_Child
thorough	ADJ	2	02x03_-_Mission_and_Family-The_Elegant_Bondman-The_Heart_of_a_Child
following	ADJ	30	02x03_-_Mission_and_Family-The_Elegant_Bondman-The_Heart_of_a_Child
set	ADJ	45	02x03_-_Mission_and_Family-The_Elegant_Bondman-The_Heart_of_a_Child
exhausted	ADJ	8	02x03_-_Mission_and_Family-The_Elegant_Bondman-The_Heart_of_a_Child
usual	ADJ	2	02x03_-_Mission_and_Family-The_Elegant_Bondman-The_Heart_of_a_Child
unpaid	ADJ	3	02x03_-_Mission_and_Family-The_Elegant_Bondman-The_Heart_of_a_Child
little	ADJ	10	02x03_-_Mission_and_Family-The_Elegant_Bondman-The_Heart_of_a_Child
more	ADJ	5	02x03_-_Mission_and_Family-The_Elegant_Bondman-The_Heart_of_a_Child
same	ADJ	6	02x03_-_Mission_and_Family-The_Elegant_Bondman-The_Heart_of_a_Child
last	ADJ	21	02x03_-_Mission_and_Family-The_Elegant_Bondman-The_Heart_of_a_Child
sure	ADJ	10	02x03_-_Mission_and_Family-The_Elegant_Bondman-The_Heart_of_a_Child
firm	ADJ	14	02x03_-_Mission_and_Family-The_Elegant_Bondman-The_Heart_of_a_Child
right	ADJ	36	02x03_-_Mission_and_Family-The_Elegant_Bondman-The_Heart_of_a_Child
worthwhile	ADJ	1	02x03_-_Mission_and_Family-The_Elegant_Bondman-The_Heart_of_a_Child
jealous	ADJ	2	02x03_-_Mission_and_Family-The_Elegant_Bondman-The_Heart_of_a_Child
stingy	ADJ	2	02x03_-_Mission_and_Family-The_Elegant_Bondman-The_Heart_of_a_Child
destitute	ADJ	2	02x03_-_Mission_and_Family-The_Elegant_Bondman-The_Heart_of_a_Child
bad	ADJ	17	02x03_-_Mission_and_Family-The_Elegant_Bondman-The_Heart_of_a_Child
old	ADJ	9	02x03_-_Mission_and_Family-The_Elegant_Bondman-The_Heart_of_a_Child
little	ADJ	10	02x03_-_Mission_and_Family-The_Elegant_Bondman-The_Heart_of_a_Child
underground	ADJ	6	02x03_-_Mission_and_Family-The_Elegant_Bondman-The_Heart_of_a_Child
dangerous	ADJ	2	02x03_-_Mission_and_Family-The_Elegant_Bondman-The_Heart_of_a_Child
wrong	ADJ	13	02x03_-_Mission_and_Family-The_Elegant_Bondman-The_Heart_of_a_Child
well	ADJ	22	02x03_-_Mission_and_Family-The_Elegant_Bondman-The_Heart_of_a_Child
necessary	ADJ	3	02x03_-_Mission_and_Family-The_Elegant_Bondman-The_Heart_of_a_Child
miserable	ADJ	6	02x03_-_Mission_and_Family-The_Elegant_Bondman-The_Heart_of_a_Child
subject	ADJ	15	02x03_-_Mission_and_Family-The_Elegant_Bondman-The_Heart_of_a_Child
suspicious	ADJ	2	02x03_-_Mission_and_Family-The_Elegant_Bondman-The_Heart_of_a_Child
ready	ADJ	8	02x03_-_Mission_and_Family-The_Elegant_Bondman-The_Heart_of_a_Child
hard	ADJ	22	02x03_-_Mission_and_Family-The_Elegant_Bondman-The_Heart_of_a_Child
indefensible	ADJ	3	02x03_-_Mission_and_Family-The_Elegant_Bondman-The_Heart_of_a_Child
correct	ADJ	12	02x03_-_Mission_and_Family-The_Elegant_Bondman-The_Heart_of_a_Child
courteous	ADJ	2	02x03_-_Mission_and_Family-The_Elegant_Bondman-The_Heart_of_a_Child
kind	ADJ	4	02x03_-_Mission_and_Family-The_Elegant_Bondman-The_Heart_of_a_Child
pitiful	ADJ	3	02x03_-_Mission_and_Family-The_Elegant_Bondman-The_Heart_of_a_Child
wrong	ADJ	13	02x03_-_Mission_and_Family-The_Elegant_Bondman-The_Heart_of_a_Child
pitiful	ADJ	3	02x03_-_Mission_and_Family-The_Elegant_Bondman-The_Heart_of_a_Child
big	ADJ	17	02x03_-_Mission_and_Family-The_Elegant_Bondman-The_Heart_of_a_Child
good	ADJ	27	02x03_-_Mission_and_Family-The_Elegant_Bondman-The_Heart_of_a_Child
old	ADJ	9	02x03_-_Mission_and_Family-The_Elegant_Bondman-The_Heart_of_a_Child
happy	ADJ	4	02x03_-_Mission_and_Family-The_Elegant_Bondman-The_Heart_of_a_Child
tough	ADJ	12	02x03_-_Mission_and_Family-The_Elegant_Bondman-The_Heart_of_a_Child
okay	ADJ	4	02x03_-_Mission_and_Family-The_Elegant_Bondman-The_Heart_of_a_Child
safe	ADJ	7	02x03_-_Mission_and_Family-The_Elegant_Bondman-The_Heart_of_a_Child
nice	ADJ	6	02x03_-_Mission_and_Family-The_Elegant_Bondman-The_Heart_of_a_Child
delicious	ADJ	3	02x03_-_Mission_and_Family-The_Elegant_Bondman-The_Heart_of_a_Child
good	ADJ	27	02x03_-_Mission_and_Family-The_Elegant_Bondman-The_Heart_of_a_Child
sudden	ADJ	1	02x03_-_Mission_and_Family-The_Elegant_Bondman-The_Heart_of_a_Child
elegant	ADJ	3	02x03_-_Mission_and_Family-The_Elegant_Bondman-The_Heart_of_a_Child
sophisticated	ADJ	7	02x03_-_Mission_and_Family-The_Elegant_Bondman-The_Heart_of_a_Child
beloved	ADJ	2	02x03_-_Mission_and_Family-The_Elegant_Bondman-The_Heart_of_a_Child
shiny	ADJ	3	02x03_-_Mission_and_Family-The_Elegant_Bondman-The_Heart_of_a_Child
silver	ADJ	12	02x03_-_Mission_and_Family-The_Elegant_Bondman-The_Heart_of_a_Child
skilled	ADJ	1	02x03_-_Mission_and_Family-The_Elegant_Bondman-The_Heart_of_a_Child
gentlemanly	ADJ	1	02x03_-_Mission_and_Family-The_Elegant_Bondman-The_Heart_of_a_Child
cool	ADJ	11	02x03_-_Mission_and_Family-The_Elegant_Bondman-The_Heart_of_a_Child
cool	ADJ	11	02x03_-_Mission_and_Family-The_Elegant_Bondman-The_Heart_of_a_Child
clever	ADJ	3	02x03_-_Mission_and_Family-The_Elegant_Bondman-The_Heart_of_a_Child
inevitable	ADJ	3	02x03_-_Mission_and_Family-The_Elegant_Bondman-The_Heart_of_a_Child
hostile	ADJ	6	02x03_-_Mission_and_Family-The_Elegant_Bondman-The_Heart_of_a_Child
ridiculous	ADJ	3	02x03_-_Mission_and_Family-The_Elegant_Bondman-The_Heart_of_a_Child
same	ADJ	6	02x03_-_Mission_and_Family-The_Elegant_Bondman-The_Heart_of_a_Child
same	ADJ	6	02x03_-_Mission_and_Family-The_Elegant_Bondman-The_Heart_of_a_Child
more	ADJ	5	02x03_-_Mission_and_Family-The_Elegant_Bondman-The_Heart_of_a_Child
amazing	ADJ	4	02x03_-_Mission_and_Family-The_Elegant_Bondman-The_Heart_of_a_Child
glad	ADJ	5	02x03_-_Mission_and_Family-The_Elegant_Bondman-The_Heart_of_a_Child
futile	ADJ	2	02x03_-_Mission_and_Family-The_Elegant_Bondman-The_Heart_of_a_Child
beautiful	ADJ	2	02x03_-_Mission_and_Family-The_Elegant_Bondman-The_Heart_of_a_Child
many	ADJ	1	02x03_-_Mission_and_Family-The_Elegant_Bondman-The_Heart_of_a_Child
next	ADJ	4	02x03_-_Mission_and_Family-The_Elegant_Bondman-The_Heart_of_a_Child
lovey	ADJ	0	02x03_-_Mission_and_Family-The_Elegant_Bondman-The_Heart_of_a_Child
gentlemanly	ADJ	1	02x03_-_Mission_and_Family-The_Elegant_Bondman-The_Heart_of_a_Child
polar	ADJ	6	02x03_-_Mission_and_Family-The_Elegant_Bondman-The_Heart_of_a_Child
entertaining	ADJ	4	02x03_-_Mission_and_Family-The_Elegant_Bondman-The_Heart_of_a_Child
mysterious	ADJ	2	02x03_-_Mission_and_Family-The_Elegant_Bondman-The_Heart_of_a_Child
polar	ADJ	6	02x03_-_Mission_and_Family-The_Elegant_Bondman-The_Heart_of_a_Child
boring	ADJ	5	02x03_-_Mission_and_Family-The_Elegant_Bondman-The_Heart_of_a_Child
dictatorial	ADJ	3	02x03_-_Mission_and_Family-The_Elegant_Bondman-The_Heart_of_a_Child
mere	ADJ	3	02x03_-_Mission_and_Family-The_Elegant_Bondman-The_Heart_of_a_Child
fun	ADJ	4	02x03_-_Mission_and_Family-The_Elegant_Bondman-The_Heart_of_a_Child
many	ADJ	1	02x03_-_Mission_and_Family-The_Elegant_Bondman-The_Heart_of_a_Child
glad	ADJ	5	02x03_-_Mission_and_Family-The_Elegant_Bondman-The_Heart_of_a_Child
sure	ADJ	10	02x03_-_Mission_and_Family-The_Elegant_Bondman-The_Heart_of_a_Child
relieved	ADJ	13	02x03_-_Mission_and_Family-The_Elegant_Bondman-The_Heart_of_a_Child
good	ADJ	27	02x03_-_Mission_and_Family-The_Elegant_Bondman-The_Heart_of_a_Child
much	ADJ	7	02x03_-_Mission_and_Family-The_Elegant_Bondman-The_Heart_of_a_Child
late	ADJ	11	02x03_-_Mission_and_Family-The_Elegant_Bondman-The_Heart_of_a_Child
awake	ADJ	3	02x03_-_Mission_and_Family-The_Elegant_Bondman-The_Heart_of_a_Child
sure	ADJ	10	02x03_-_Mission_and_Family-The_Elegant_Bondman-The_Heart_of_a_Child
late	ADJ	11	02x03_-_Mission_and_Family-The_Elegant_Bondman-The_Heart_of_a_Child
many	ADJ	1	02x03_-_Mission_and_Family-The_Elegant_Bondman-The_Heart_of_a_Child
great	ADJ	7	02x03_-_Mission_and_Family-The_Elegant_Bondman-The_Heart_of_a_Child
mysterious	ADJ	2	02x04_-_The_Pastry_of_Knowledge-The_Informant_s_Great_Romance_Plan_II
exquisite	ADJ	4	02x04_-_The_Pastry_of_Knowledge-The_Informant_s_Great_Romance_Plan_II
many	ADJ	1	02x04_-_The_Pastry_of_Knowledge-The_Informant_s_Great_Romance_Plan_II
smart	ADJ	9	02x04_-_The_Pastry_of_Knowledge-The_Informant_s_Great_Romance_Plan_II
original	ADJ	6	02x04_-_The_Pastry_of_Knowledge-The_Informant_s_Great_Romance_Plan_II
other	ADJ	4	02x04_-_The_Pastry_of_Knowledge-The_Informant_s_Great_Romance_Plan_II
female	ADJ	5	02x04_-_The_Pastry_of_Knowledge-The_Informant_s_Great_Romance_Plan_II
identical	ADJ	5	02x04_-_The_Pastry_of_Knowledge-The_Informant_s_Great_Romance_Plan_II
academic	ADJ	4	02x04_-_The_Pastry_of_Knowledge-The_Informant_s_Great_Romance_Plan_II
decent	ADJ	7	02x04_-_The_Pastry_of_Knowledge-The_Informant_s_Great_Romance_Plan_II
separate	ADJ	19	02x04_-_The_Pastry_of_Knowledge-The_Informant_s_Great_Romance_Plan_II
certain	ADJ	7	02x04_-_The_Pastry_of_Knowledge-The_Informant_s_Great_Romance_Plan_II
laborious	ADJ	1	02x04_-_The_Pastry_of_Knowledge-The_Informant_s_Great_Romance_Plan_II
other	ADJ	4	02x04_-_The_Pastry_of_Knowledge-The_Informant_s_Great_Romance_Plan_II
alone	ADJ	6	02x04_-_The_Pastry_of_Knowledge-The_Informant_s_Great_Romance_Plan_II
right	ADJ	36	02x04_-_The_Pastry_of_Knowledge-The_Informant_s_Great_Romance_Plan_II
sure	ADJ	10	02x04_-_The_Pastry_of_Knowledge-The_Informant_s_Great_Romance_Plan_II
classical	ADJ	6	02x04_-_The_Pastry_of_Knowledge-The_Informant_s_Great_Romance_Plan_II
good	ADJ	27	02x04_-_The_Pastry_of_Knowledge-The_Informant_s_Great_Romance_Plan_II
available	ADJ	3	02x04_-_The_Pastry_of_Knowledge-The_Informant_s_Great_Romance_Plan_II
idiot	ADJ	1	02x04_-_The_Pastry_of_Knowledge-The_Informant_s_Great_Romance_Plan_II
legendary	ADJ	2	02x04_-_The_Pastry_of_Knowledge-The_Informant_s_Great_Romance_Plan_II
former	ADJ	5	02x04_-_The_Pastry_of_Knowledge-The_Informant_s_Great_Romance_Plan_II
royal	ADJ	7	02x04_-_The_Pastry_of_Knowledge-The_Informant_s_Great_Romance_Plan_II
phantom	ADJ	3	02x04_-_The_Pastry_of_Knowledge-The_Informant_s_Great_Romance_Plan_II
limited	ADJ	11	02x04_-_The_Pastry_of_Knowledge-The_Informant_s_Great_Romance_Plan_II
good	ADJ	27	02x04_-_The_Pastry_of_Knowledge-The_Informant_s_Great_Romance_Plan_II
true	ADJ	15	02x04_-_The_Pastry_of_Knowledge-The_Informant_s_Great_Romance_Plan_II
little	ADJ	10	02x04_-_The_Pastry_of_Knowledge-The_Informant_s_Great_Romance_Plan_II
former	ADJ	5	02x04_-_The_Pastry_of_Knowledge-The_Informant_s_Great_Romance_Plan_II
royal	ADJ	7	02x04_-_The_Pastry_of_Knowledge-The_Informant_s_Great_Romance_Plan_II
delicious	ADJ	3	02x04_-_The_Pastry_of_Knowledge-The_Informant_s_Great_Romance_Plan_II
desperate	ADJ	7	02x04_-_The_Pastry_of_Knowledge-The_Informant_s_Great_Romance_Plan_II
desperate	ADJ	7	02x04_-_The_Pastry_of_Knowledge-The_Informant_s_Great_Romance_Plan_II
new	ADJ	12	02x04_-_The_Pastry_of_Knowledge-The_Informant_s_Great_Romance_Plan_II
excited	ADJ	12	02x04_-_The_Pastry_of_Knowledge-The_Informant_s_Great_Romance_Plan_II
little	ADJ	10	02x04_-_The_Pastry_of_Knowledge-The_Informant_s_Great_Romance_Plan_II
little	ADJ	10	02x04_-_The_Pastry_of_Knowledge-The_Informant_s_Great_Romance_Plan_II
embarrassing	ADJ	4	02x04_-_The_Pastry_of_Knowledge-The_Informant_s_Great_Romance_Plan_II
bad	ADJ	17	02x04_-_The_Pastry_of_Knowledge-The_Informant_s_Great_Romance_Plan_II
left	ADJ	24	02x04_-_The_Pastry_of_Knowledge-The_Informant_s_Great_Romance_Plan_II
fierce	ADJ	4	02x04_-_The_Pastry_of_Knowledge-The_Informant_s_Great_Romance_Plan_II
next	ADJ	4	02x04_-_The_Pastry_of_Knowledge-The_Informant_s_Great_Romance_Plan_II
last	ADJ	21	02x04_-_The_Pastry_of_Knowledge-The_Informant_s_Great_Romance_Plan_II
serious	ADJ	6	02x04_-_The_Pastry_of_Knowledge-The_Informant_s_Great_Romance_Plan_II
simple	ADJ	9	02x04_-_The_Pastry_of_Knowledge-The_Informant_s_Great_Romance_Plan_II
same	ADJ	6	02x04_-_The_Pastry_of_Knowledge-The_Informant_s_Great_Romance_Plan_II
little	ADJ	10	02x04_-_The_Pastry_of_Knowledge-The_Informant_s_Great_Romance_Plan_II
old	ADJ	9	02x04_-_The_Pastry_of_Knowledge-The_Informant_s_Great_Romance_Plan_II
more	ADJ	5	02x04_-_The_Pastry_of_Knowledge-The_Informant_s_Great_Romance_Plan_II
good	ADJ	27	02x04_-_The_Pastry_of_Knowledge-The_Informant_s_Great_Romance_Plan_II
right	ADJ	36	02x04_-_The_Pastry_of_Knowledge-The_Informant_s_Great_Romance_Plan_II
only	ADJ	9	02x04_-_The_Pastry_of_Knowledge-The_Informant_s_Great_Romance_Plan_II
little	ADJ	10	02x04_-_The_Pastry_of_Knowledge-The_Informant_s_Great_Romance_Plan_II
adamant	ADJ	2	02x04_-_The_Pastry_of_Knowledge-The_Informant_s_Great_Romance_Plan_II
soft	ADJ	20	02x04_-_The_Pastry_of_Knowledge-The_Informant_s_Great_Romance_Plan_II
new	ADJ	12	02x04_-_The_Pastry_of_Knowledge-The_Informant_s_Great_Romance_Plan_II
close	ADJ	37	02x04_-_The_Pastry_of_Knowledge-The_Informant_s_Great_Romance_Plan_II
lame	ADJ	5	02x04_-_The_Pastry_of_Knowledge-The_Informant_s_Great_Romance_Plan_II
stupid	ADJ	4	02x04_-_The_Pastry_of_Knowledge-The_Informant_s_Great_Romance_Plan_II
dumb	ADJ	4	02x04_-_The_Pastry_of_Knowledge-The_Informant_s_Great_Romance_Plan_II
lucky	ADJ	3	02x04_-_The_Pastry_of_Knowledge-The_Informant_s_Great_Romance_Plan_II
close	ADJ	37	02x04_-_The_Pastry_of_Knowledge-The_Informant_s_Great_Romance_Plan_II
cool	ADJ	11	02x04_-_The_Pastry_of_Knowledge-The_Informant_s_Great_Romance_Plan_II
big	ADJ	17	02x04_-_The_Pastry_of_Knowledge-The_Informant_s_Great_Romance_Plan_II
right	ADJ	36	02x04_-_The_Pastry_of_Knowledge-The_Informant_s_Great_Romance_Plan_II
easy	ADJ	15	02x04_-_The_Pastry_of_Knowledge-The_Informant_s_Great_Romance_Plan_II
good	ADJ	27	02x04_-_The_Pastry_of_Knowledge-The_Informant_s_Great_Romance_Plan_II
dumb	ADJ	4	02x04_-_The_Pastry_of_Knowledge-The_Informant_s_Great_Romance_Plan_II
same	ADJ	6	02x04_-_The_Pastry_of_Knowledge-The_Informant_s_Great_Romance_Plan_II
alone	ADJ	6	02x04_-_The_Pastry_of_Knowledge-The_Informant_s_Great_Romance_Plan_II
delicious	ADJ	3	02x04_-_The_Pastry_of_Knowledge-The_Informant_s_Great_Romance_Plan_II
exciting	ADJ	10	02x04_-_The_Pastry_of_Knowledge-The_Informant_s_Great_Romance_Plan_II
very	ADJ	4	02x04_-_The_Pastry_of_Knowledge-The_Informant_s_Great_Romance_Plan_II
dirty	ADJ	13	02x04_-_The_Pastry_of_Knowledge-The_Informant_s_Great_Romance_Plan_II
idiot	ADJ	1	02x04_-_The_Pastry_of_Knowledge-The_Informant_s_Great_Romance_Plan_II
idiot	ADJ	1	02x04_-_The_Pastry_of_Knowledge-The_Informant_s_Great_Romance_Plan_II
rude	ADJ	5	02x04_-_The_Pastry_of_Knowledge-The_Informant_s_Great_Romance_Plan_II
delicious	ADJ	3	02x04_-_The_Pastry_of_Knowledge-The_Informant_s_Great_Romance_Plan_II
alone	ADJ	6	02x04_-_The_Pastry_of_Knowledge-The_Informant_s_Great_Romance_Plan_II
bleak	ADJ	3	02x04_-_The_Pastry_of_Knowledge-The_Informant_s_Great_Romance_Plan_II
true	ADJ	15	02x04_-_The_Pastry_of_Knowledge-The_Informant_s_Great_Romance_Plan_II
well	ADJ	22	02x04_-_The_Pastry_of_Knowledge-The_Informant_s_Great_Romance_Plan_II
alone	ADJ	6	02x04_-_The_Pastry_of_Knowledge-The_Informant_s_Great_Romance_Plan_II
hard	ADJ	22	02x04_-_The_Pastry_of_Knowledge-The_Informant_s_Great_Romance_Plan_II
academic	ADJ	4	02x04_-_The_Pastry_of_Knowledge-The_Informant_s_Great_Romance_Plan_II
little	ADJ	10	02x04_-_The_Pastry_of_Knowledge-The_Informant_s_Great_Romance_Plan_II
long	ADJ	12	02x04_-_The_Pastry_of_Knowledge-The_Informant_s_Great_Romance_Plan_II
classical	ADJ	6	02x04_-_The_Pastry_of_Knowledge-The_Informant_s_Great_Romance_Plan_II
high	ADJ	18	02x04_-_The_Pastry_of_Knowledge-The_Informant_s_Great_Romance_Plan_II
much	ADJ	7	02x04_-_The_Pastry_of_Knowledge-The_Informant_s_Great_Romance_Plan_II
classical	ADJ	6	02x04_-_The_Pastry_of_Knowledge-The_Informant_s_Great_Romance_Plan_II
fake	ADJ	8	02x04_-_The_Pastry_of_Knowledge-The_Informant_s_Great_Romance_Plan_II
new	ADJ	12	02x04_-_The_Pastry_of_Knowledge-The_Informant_s_Great_Romance_Plan_II
great	ADJ	7	02x04_-_The_Pastry_of_Knowledge-The_Informant_s_Great_Romance_Plan_II
free	ADJ	22	02x04_-_The_Pastry_of_Knowledge-The_Informant_s_Great_Romance_Plan_II
more	ADJ	5	02x04_-_The_Pastry_of_Knowledge-The_Informant_s_Great_Romance_Plan_II
sure	ADJ	10	02x04_-_The_Pastry_of_Knowledge-The_Informant_s_Great_Romance_Plan_II
urban	ADJ	2	02x04_-_The_Pastry_of_Knowledge-The_Informant_s_Great_Romance_Plan_II
unofficial	ADJ	2	02x04_-_The_Pastry_of_Knowledge-The_Informant_s_Great_Romance_Plan_II
paramilitary	ADJ	2	02x04_-_The_Pastry_of_Knowledge-The_Informant_s_Great_Romance_Plan_II
soft	ADJ	20	02x04_-_The_Pastry_of_Knowledge-The_Informant_s_Great_Romance_Plan_II
idiot	ADJ	1	02x04_-_The_Pastry_of_Knowledge-The_Informant_s_Great_Romance_Plan_II
strong	ADJ	10	02x04_-_The_Pastry_of_Knowledge-The_Informant_s_Great_Romance_Plan_II
entire	ADJ	5	02x04_-_The_Pastry_of_Knowledge-The_Informant_s_Great_Romance_Plan_II
military	ADJ	4	02x04_-_The_Pastry_of_Knowledge-The_Informant_s_Great_Romance_Plan_II
ridiculous	ADJ	3	02x04_-_The_Pastry_of_Knowledge-The_Informant_s_Great_Romance_Plan_II
extra	ADJ	7	02x04_-_The_Pastry_of_Knowledge-The_Informant_s_Great_Romance_Plan_II
favorite	ADJ	5	02x04_-_The_Pastry_of_Knowledge-The_Informant_s_Great_Romance_Plan_II
last	ADJ	21	02x04_-_The_Pastry_of_Knowledge-The_Informant_s_Great_Romance_Plan_II
cold	ADJ	16	02x04_-_The_Pastry_of_Knowledge-The_Informant_s_Great_Romance_Plan_II
hearted	ADJ	0	02x04_-_The_Pastry_of_Knowledge-The_Informant_s_Great_Romance_Plan_II
own	ADJ	2	02x04_-_The_Pastry_of_Knowledge-The_Informant_s_Great_Romance_Plan_II
right	ADJ	36	02x04_-_The_Pastry_of_Knowledge-The_Informant_s_Great_Romance_Plan_II
about	ADJ	8	02x04_-_The_Pastry_of_Knowledge-The_Informant_s_Great_Romance_Plan_II
lost	ADJ	21	02x04_-_The_Pastry_of_Knowledge-The_Informant_s_Great_Romance_Plan_II
sad	ADJ	3	02x04_-_The_Pastry_of_Knowledge-The_Informant_s_Great_Romance_Plan_II
about	ADJ	8	02x04_-_The_Pastry_of_Knowledge-The_Informant_s_Great_Romance_Plan_II
amazing	ADJ	4	02x04_-_The_Pastry_of_Knowledge-The_Informant_s_Great_Romance_Plan_II
other	ADJ	4	02x04_-_The_Pastry_of_Knowledge-The_Informant_s_Great_Romance_Plan_II
tough	ADJ	12	02x04_-_The_Pastry_of_Knowledge-The_Informant_s_Great_Romance_Plan_II
talented	ADJ	1	02x04_-_The_Pastry_of_Knowledge-The_Informant_s_Great_Romance_Plan_II
well	ADJ	22	02x04_-_The_Pastry_of_Knowledge-The_Informant_s_Great_Romance_Plan_II
rich	ADJ	13	02x04_-_The_Pastry_of_Knowledge-The_Informant_s_Great_Romance_Plan_II
lovely	ADJ	3	02x04_-_The_Pastry_of_Knowledge-The_Informant_s_Great_Romance_Plan_II
many	ADJ	1	02x04_-_The_Pastry_of_Knowledge-The_Informant_s_Great_Romance_Plan_II
gray	ADJ	15	02x04_-_The_Pastry_of_Knowledge-The_Informant_s_Great_Romance_Plan_II
broad	ADJ	9	02x04_-_The_Pastry_of_Knowledge-The_Informant_s_Great_Romance_Plan_II
cautious	ADJ	3	02x04_-_The_Pastry_of_Knowledge-The_Informant_s_Great_Romance_Plan_II
careful	ADJ	5	02x04_-_The_Pastry_of_Knowledge-The_Informant_s_Great_Romance_Plan_II
good	ADJ	27	02x04_-_The_Pastry_of_Knowledge-The_Informant_s_Great_Romance_Plan_II
mad	ADJ	4	02x04_-_The_Pastry_of_Knowledge-The_Informant_s_Great_Romance_Plan_II
ultimate	ADJ	3	02x04_-_The_Pastry_of_Knowledge-The_Informant_s_Great_Romance_Plan_II
phenomenal	ADJ	2	02x04_-_The_Pastry_of_Knowledge-The_Informant_s_Great_Romance_Plan_II
physical	ADJ	7	02x04_-_The_Pastry_of_Knowledge-The_Informant_s_Great_Romance_Plan_II
least	ADJ	3	02x04_-_The_Pastry_of_Knowledge-The_Informant_s_Great_Romance_Plan_II
idiot	ADJ	1	02x04_-_The_Pastry_of_Knowledge-The_Informant_s_Great_Romance_Plan_II
big	ADJ	17	02x04_-_The_Pastry_of_Knowledge-The_Informant_s_Great_Romance_Plan_II
dangerous	ADJ	2	02x04_-_The_Pastry_of_Knowledge-The_Informant_s_Great_Romance_Plan_II
little	ADJ	10	02x04_-_The_Pastry_of_Knowledge-The_Informant_s_Great_Romance_Plan_II
worth	ADJ	5	02x04_-_The_Pastry_of_Knowledge-The_Informant_s_Great_Romance_Plan_II
worried	ADJ	8	02x04_-_The_Pastry_of_Knowledge-The_Informant_s_Great_Romance_Plan_II
happy	ADJ	4	02x04_-_The_Pastry_of_Knowledge-The_Informant_s_Great_Romance_Plan_II
front	ADJ	13	02x04_-_The_Pastry_of_Knowledge-The_Informant_s_Great_Romance_Plan_II
open	ADJ	36	02x04_-_The_Pastry_of_Knowledge-The_Informant_s_Great_Romance_Plan_II
sorry	ADJ	4	02x04_-_The_Pastry_of_Knowledge-The_Informant_s_Great_Romance_Plan_II
happy	ADJ	4	02x04_-_The_Pastry_of_Knowledge-The_Informant_s_Great_Romance_Plan_II
good	ADJ	27	02x04_-_The_Pastry_of_Knowledge-The_Informant_s_Great_Romance_Plan_II
good	ADJ	27	02x04_-_The_Pastry_of_Knowledge-The_Informant_s_Great_Romance_Plan_II
nice	ADJ	6	02x04_-_The_Pastry_of_Knowledge-The_Informant_s_Great_Romance_Plan_II
happy	ADJ	4	02x04_-_The_Pastry_of_Knowledge-The_Informant_s_Great_Romance_Plan_II
annoying	ADJ	3	02x04_-_The_Pastry_of_Knowledge-The_Informant_s_Great_Romance_Plan_II
normal	ADJ	5	02x04_-_The_Pastry_of_Knowledge-The_Informant_s_Great_Romance_Plan_II
normal	ADJ	5	02x04_-_The_Pastry_of_Knowledge-The_Informant_s_Great_Romance_Plan_II
normal	ADJ	5	02x04_-_The_Pastry_of_Knowledge-The_Informant_s_Great_Romance_Plan_II
glad	ADJ	5	02x04_-_The_Pastry_of_Knowledge-The_Informant_s_Great_Romance_Plan_II
safe	ADJ	7	02x04_-_The_Pastry_of_Knowledge-The_Informant_s_Great_Romance_Plan_II
sarcastic	ADJ	1	02x04_-_The_Pastry_of_Knowledge-The_Informant_s_Great_Romance_Plan_II
special	ADJ	10	02x04_-_The_Pastry_of_Knowledge-The_Informant_s_Great_Romance_Plan_II
new	ADJ	12	02x04_-_The_Pastry_of_Knowledge-The_Informant_s_Great_Romance_Plan_II
beautiful	ADJ	2	02x05_-_Plan_to_Cross_the_Border
proper	ADJ	4	02x05_-_Plan_to_Cross_the_Border
meticulous	ADJ	2	02x05_-_Plan_to_Cross_the_Border
wonderful	ADJ	1	02x05_-_Plan_to_Cross_the_Border
vibrant	ADJ	3	02x05_-_Plan_to_Cross_the_Border
worried	ADJ	8	02x05_-_Plan_to_Cross_the_Border
new	ADJ	12	02x05_-_Plan_to_Cross_the_Border
bad	ADJ	17	02x05_-_Plan_to_Cross_the_Border
reassuring	ADJ	3	02x05_-_Plan_to_Cross_the_Border
original	ADJ	6	02x05_-_Plan_to_Cross_the_Border
great	ADJ	7	02x05_-_Plan_to_Cross_the_Border
honorable	ADJ	4	02x05_-_Plan_to_Cross_the_Border
internal	ADJ	5	02x05_-_Plan_to_Cross_the_Border
only	ADJ	9	02x05_-_Plan_to_Cross_the_Border
huge	ADJ	1	02x05_-_Plan_to_Cross_the_Border
foreign	ADJ	4	02x05_-_Plan_to_Cross_the_Border
unnoticed	ADJ	1	02x05_-_Plan_to_Cross_the_Border
offshore	ADJ	3	02x05_-_Plan_to_Cross_the_Border
good	ADJ	27	02x05_-_Plan_to_Cross_the_Border
indebted	ADJ	2	02x05_-_Plan_to_Cross_the_Border
few	ADJ	2	02x05_-_Plan_to_Cross_the_Border
bogus	ADJ	1	02x05_-_Plan_to_Cross_the_Border
beautiful	ADJ	2	02x05_-_Plan_to_Cross_the_Border
good	ADJ	27	02x05_-_Plan_to_Cross_the_Border
first	ADJ	16	02x05_-_Plan_to_Cross_the_Border
long	ADJ	12	02x05_-_Plan_to_Cross_the_Border
good	ADJ	27	02x05_-_Plan_to_Cross_the_Border
political	ADJ	3	02x05_-_Plan_to_Cross_the_Border
good	ADJ	27	02x05_-_Plan_to_Cross_the_Border
friendly	ADJ	5	02x05_-_Plan_to_Cross_the_Border
sure	ADJ	10	02x05_-_Plan_to_Cross_the_Border
little	ADJ	10	02x05_-_Plan_to_Cross_the_Border
right	ADJ	36	02x05_-_Plan_to_Cross_the_Border
dependent	ADJ	7	02x05_-_Plan_to_Cross_the_Border
other	ADJ	4	02x05_-_Plan_to_Cross_the_Border
sure	ADJ	10	02x05_-_Plan_to_Cross_the_Border
right	ADJ	36	02x05_-_Plan_to_Cross_the_Border
able	ADJ	4	02x05_-_Plan_to_Cross_the_Border
seventh	ADJ	4	02x05_-_Plan_to_Cross_the_Border
scrubby	ADJ	2	02x05_-_Plan_to_Cross_the_Border
biannual	ADJ	1	02x05_-_Plan_to_Cross_the_Border
mega	ADJ	0	02x05_-_Plan_to_Cross_the_Border
grand	ADJ	10	02x05_-_Plan_to_Cross_the_Border
big	ADJ	17	02x05_-_Plan_to_Cross_the_Border
brave	ADJ	6	02x05_-_Plan_to_Cross_the_Border
brave	ADJ	6	02x05_-_Plan_to_Cross_the_Border
sixth	ADJ	4	02x05_-_Plan_to_Cross_the_Border
luxurious	ADJ	2	02x05_-_Plan_to_Cross_the_Border
scrubby	ADJ	2	02x05_-_Plan_to_Cross_the_Border
grand	ADJ	10	02x05_-_Plan_to_Cross_the_Border
grand	ADJ	10	02x05_-_Plan_to_Cross_the_Border
available	ADJ	3	02x05_-_Plan_to_Cross_the_Border
grand	ADJ	10	02x05_-_Plan_to_Cross_the_Border
grand	ADJ	10	02x05_-_Plan_to_Cross_the_Border
interested	ADJ	5	02x05_-_Plan_to_Cross_the_Border
free	ADJ	22	02x05_-_Plan_to_Cross_the_Border
little	ADJ	10	02x05_-_Plan_to_Cross_the_Border
blank	ADJ	8	02x05_-_Plan_to_Cross_the_Border
little	ADJ	10	02x05_-_Plan_to_Cross_the_Border
grand	ADJ	10	02x05_-_Plan_to_Cross_the_Border
grand	ADJ	10	02x05_-_Plan_to_Cross_the_Border
good	ADJ	27	02x05_-_Plan_to_Cross_the_Border
true	ADJ	15	02x05_-_Plan_to_Cross_the_Border
suspicious	ADJ	2	02x05_-_Plan_to_Cross_the_Border
excited	ADJ	12	02x05_-_Plan_to_Cross_the_Border
famous	ADJ	1	02x05_-_Plan_to_Cross_the_Border
recent	ADJ	3	02x05_-_Plan_to_Cross_the_Border
urban	ADJ	2	02x05_-_Plan_to_Cross_the_Border
important	ADJ	5	02x05_-_Plan_to_Cross_the_Border
difficult	ADJ	2	02x05_-_Plan_to_Cross_the_Border
difficult	ADJ	2	02x05_-_Plan_to_Cross_the_Border
right	ADJ	36	02x05_-_Plan_to_Cross_the_Border
able	ADJ	4	02x05_-_Plan_to_Cross_the_Border
honest	ADJ	7	02x05_-_Plan_to_Cross_the_Border
thin	ADJ	13	02x05_-_Plan_to_Cross_the_Border
main	ADJ	5	02x05_-_Plan_to_Cross_the_Border
careful	ADJ	5	02x05_-_Plan_to_Cross_the_Border
wrong	ADJ	13	02x05_-_Plan_to_Cross_the_Border
last	ADJ	21	02x05_-_Plan_to_Cross_the_Border
big	ADJ	17	02x05_-_Plan_to_Cross_the_Border
excited	ADJ	12	02x05_-_Plan_to_Cross_the_Border
sorry	ADJ	4	02x05_-_Plan_to_Cross_the_Border
own	ADJ	2	02x05_-_Plan_to_Cross_the_Border
good	ADJ	27	02x05_-_Plan_to_Cross_the_Border
amazing	ADJ	4	02x05_-_Plan_to_Cross_the_Border
great	ADJ	7	02x05_-_Plan_to_Cross_the_Border
wrong	ADJ	13	02x05_-_Plan_to_Cross_the_Border
correct	ADJ	12	02x05_-_Plan_to_Cross_the_Border
third	ADJ	8	02x05_-_Plan_to_Cross_the_Border
next	ADJ	4	02x05_-_Plan_to_Cross_the_Border
free	ADJ	22	02x05_-_Plan_to_Cross_the_Border
picky	ADJ	1	02x05_-_Plan_to_Cross_the_Border
first	ADJ	16	02x05_-_Plan_to_Cross_the_Border
top	ADJ	22	02x05_-_Plan_to_Cross_the_Border
first	ADJ	16	02x05_-_Plan_to_Cross_the_Border
fair	ADJ	17	02x05_-_Plan_to_Cross_the_Border
sorry	ADJ	4	02x05_-_Plan_to_Cross_the_Border
female	ADJ	5	02x05_-_Plan_to_Cross_the_Border
different	ADJ	5	02x05_-_Plan_to_Cross_the_Border
nice	ADJ	6	02x05_-_Plan_to_Cross_the_Border
frail	ADJ	5	02x05_-_Plan_to_Cross_the_Border
okay	ADJ	4	02x05_-_Plan_to_Cross_the_Border
short	ADJ	23	02x05_-_Plan_to_Cross_the_Border
able	ADJ	4	02x05_-_Plan_to_Cross_the_Border
relaxing	ADJ	9	02x05_-_Plan_to_Cross_the_Border
actual	ADJ	5	02x05_-_Plan_to_Cross_the_Border
okay	ADJ	4	02x05_-_Plan_to_Cross_the_Border
safe	ADJ	7	02x05_-_Plan_to_Cross_the_Border
strong	ADJ	10	02x05_-_Plan_to_Cross_the_Border
numerous	ADJ	1	02x05_-_Plan_to_Cross_the_Border
sure	ADJ	10	02x05_-_Plan_to_Cross_the_Border
right	ADJ	36	02x05_-_Plan_to_Cross_the_Border
sorry	ADJ	4	02x05_-_Plan_to_Cross_the_Border
funny	ADJ	5	02x05_-_Plan_to_Cross_the_Border
little	ADJ	10	02x05_-_Plan_to_Cross_the_Border
sad	ADJ	3	02x05_-_Plan_to_Cross_the_Border
nice	ADJ	6	02x05_-_Plan_to_Cross_the_Border
nice	ADJ	6	02x05_-_Plan_to_Cross_the_Border
sorry	ADJ	4	02x05_-_Plan_to_Cross_the_Border
okay	ADJ	4	02x05_-_Plan_to_Cross_the_Border
tired	ADJ	6	02x05_-_Plan_to_Cross_the_Border
quiet	ADJ	13	02x05_-_Plan_to_Cross_the_Border
okay	ADJ	4	02x05_-_Plan_to_Cross_the_Border
wrong	ADJ	13	02x05_-_Plan_to_Cross_the_Border
hidden	ADJ	7	02x05_-_Plan_to_Cross_the_Border
little	ADJ	10	02x05_-_Plan_to_Cross_the_Border
outside	ADJ	14	02x05_-_Plan_to_Cross_the_Border
little	ADJ	10	02x05_-_Plan_to_Cross_the_Border
right	ADJ	36	02x05_-_Plan_to_Cross_the_Border
little	ADJ	10	02x05_-_Plan_to_Cross_the_Border
more	ADJ	5	02x05_-_Plan_to_Cross_the_Border
true	ADJ	15	02x05_-_Plan_to_Cross_the_Border
bad	ADJ	17	02x05_-_Plan_to_Cross_the_Border
large	ADJ	11	02x05_-_Plan_to_Cross_the_Border
famous	ADJ	1	02x05_-_Plan_to_Cross_the_Border
possible	ADJ	4	02x05_-_Plan_to_Cross_the_Border
suspicious	ADJ	2	02x05_-_Plan_to_Cross_the_Border
aware	ADJ	2	02x05_-_Plan_to_Cross_the_Border
certain	ADJ	7	02x05_-_Plan_to_Cross_the_Border
old	ADJ	9	02x05_-_Plan_to_Cross_the_Border
hard	ADJ	22	02x05_-_Plan_to_Cross_the_Border
good	ADJ	27	02x05_-_Plan_to_Cross_the_Border
full	ADJ	13	02x05_-_Plan_to_Cross_the_Border
serious	ADJ	6	02x05_-_Plan_to_Cross_the_Border
other	ADJ	4	02x05_-_Plan_to_Cross_the_Border
third	ADJ	8	02x05_-_Plan_to_Cross_the_Border
first	ADJ	16	02x05_-_Plan_to_Cross_the_Border
true	ADJ	15	02x05_-_Plan_to_Cross_the_Border
concerned	ADJ	5	02x05_-_Plan_to_Cross_the_Border
right	ADJ	36	02x05_-_Plan_to_Cross_the_Border
right	ADJ	36	02x05_-_Plan_to_Cross_the_Border
right	ADJ	36	02x05_-_Plan_to_Cross_the_Border
right	ADJ	36	02x05_-_Plan_to_Cross_the_Border
amazing	ADJ	4	02x05_-_Plan_to_Cross_the_Border
well	ADJ	22	02x05_-_Plan_to_Cross_the_Border
able	ADJ	4	02x05_-_Plan_to_Cross_the_Border
right	ADJ	36	02x05_-_Plan_to_Cross_the_Border
calm	ADJ	8	02x05_-_Plan_to_Cross_the_Border
right	ADJ	36	02x05_-_Plan_to_Cross_the_Border
many	ADJ	1	02x05_-_Plan_to_Cross_the_Border
cold	ADJ	16	02x05_-_Plan_to_Cross_the_Border
good	ADJ	27	02x05_-_Plan_to_Cross_the_Border
same	ADJ	6	02x05_-_Plan_to_Cross_the_Border
real	ADJ	13	02x05_-_Plan_to_Cross_the_Border
careful	ADJ	5	02x05_-_Plan_to_Cross_the_Border
sorry	ADJ	4	02x05_-_Plan_to_Cross_the_Border
next	ADJ	4	02x05_-_Plan_to_Cross_the_Border
sure	ADJ	10	02x05_-_Plan_to_Cross_the_Border
about	ADJ	8	02x05_-_Plan_to_Cross_the_Border
next	ADJ	4	02x05_-_Plan_to_Cross_the_Border
sure	ADJ	10	02x05_-_Plan_to_Cross_the_Border
delicious	ADJ	3	02x05_-_Plan_to_Cross_the_Border
clear	ADJ	45	02x05_-_Plan_to_Cross_the_Border
same	ADJ	6	02x05_-_Plan_to_Cross_the_Border
sorry	ADJ	4	02x05_-_Plan_to_Cross_the_Border
fearsome	ADJ	1	02x05_-_Plan_to_Cross_the_Border
lucky	ADJ	3	02x06_-_The_Fearsome_Luxury_Cruise_Ship
unfair	ADJ	1	02x06_-_The_Fearsome_Luxury_Cruise_Ship
entertaining	ADJ	4	02x06_-_The_Fearsome_Luxury_Cruise_Ship
female	ADJ	5	02x06_-_The_Fearsome_Luxury_Cruise_Ship
same	ADJ	6	02x06_-_The_Fearsome_Luxury_Cruise_Ship
least	ADJ	3	02x06_-_The_Fearsome_Luxury_Cruise_Ship
jealous	ADJ	2	02x06_-_The_Fearsome_Luxury_Cruise_Ship
extravagant	ADJ	2	02x06_-_The_Fearsome_Luxury_Cruise_Ship
delicious	ADJ	3	02x06_-_The_Fearsome_Luxury_Cruise_Ship
bad	ADJ	17	02x06_-_The_Fearsome_Luxury_Cruise_Ship
original	ADJ	6	02x06_-_The_Fearsome_Luxury_Cruise_Ship
fearsome	ADJ	1	02x06_-_The_Fearsome_Luxury_Cruise_Ship
delicious	ADJ	3	02x06_-_The_Fearsome_Luxury_Cruise_Ship
local	ADJ	5	02x06_-_The_Fearsome_Luxury_Cruise_Ship
boorish	ADJ	1	02x06_-_The_Fearsome_Luxury_Cruise_Ship
delicious	ADJ	3	02x06_-_The_Fearsome_Luxury_Cruise_Ship
nervous	ADJ	5	02x06_-_The_Fearsome_Luxury_Cruise_Ship
public	ADJ	4	02x06_-_The_Fearsome_Luxury_Cruise_Ship
third	ADJ	8	02x06_-_The_Fearsome_Luxury_Cruise_Ship
sure	ADJ	10	02x06_-_The_Fearsome_Luxury_Cruise_Ship
sure	ADJ	10	02x06_-_The_Fearsome_Luxury_Cruise_Ship
more	ADJ	5	02x06_-_The_Fearsome_Luxury_Cruise_Ship
other	ADJ	4	02x06_-_The_Fearsome_Luxury_Cruise_Ship
crucial	ADJ	3	02x06_-_The_Fearsome_Luxury_Cruise_Ship
right	ADJ	36	02x06_-_The_Fearsome_Luxury_Cruise_Ship
sorry	ADJ	4	02x06_-_The_Fearsome_Luxury_Cruise_Ship
sorry	ADJ	4	02x06_-_The_Fearsome_Luxury_Cruise_Ship
able	ADJ	4	02x06_-_The_Fearsome_Luxury_Cruise_Ship
other	ADJ	4	02x06_-_The_Fearsome_Luxury_Cruise_Ship
third	ADJ	8	02x06_-_The_Fearsome_Luxury_Cruise_Ship
private	ADJ	5	02x06_-_The_Fearsome_Luxury_Cruise_Ship
third	ADJ	8	02x06_-_The_Fearsome_Luxury_Cruise_Ship
hungry	ADJ	2	02x06_-_The_Fearsome_Luxury_Cruise_Ship
lonely	ADJ	4	02x06_-_The_Fearsome_Luxury_Cruise_Ship
lonesome	ADJ	2	02x06_-_The_Fearsome_Luxury_Cruise_Ship
delicious	ADJ	3	02x06_-_The_Fearsome_Luxury_Cruise_Ship
great	ADJ	7	02x06_-_The_Fearsome_Luxury_Cruise_Ship
much	ADJ	7	02x06_-_The_Fearsome_Luxury_Cruise_Ship
exciting	ADJ	10	02x06_-_The_Fearsome_Luxury_Cruise_Ship
skilled	ADJ	1	02x06_-_The_Fearsome_Luxury_Cruise_Ship
clumsy	ADJ	4	02x06_-_The_Fearsome_Luxury_Cruise_Ship
more	ADJ	5	02x06_-_The_Fearsome_Luxury_Cruise_Ship
enough	ADJ	3	02x06_-_The_Fearsome_Luxury_Cruise_Ship
other	ADJ	4	02x06_-_The_Fearsome_Luxury_Cruise_Ship
many	ADJ	1	02x06_-_The_Fearsome_Luxury_Cruise_Ship
many	ADJ	1	02x06_-_The_Fearsome_Luxury_Cruise_Ship
many	ADJ	1	02x06_-_The_Fearsome_Luxury_Cruise_Ship
correct	ADJ	12	02x06_-_The_Fearsome_Luxury_Cruise_Ship
about	ADJ	8	02x06_-_The_Fearsome_Luxury_Cruise_Ship
good	ADJ	27	02x06_-_The_Fearsome_Luxury_Cruise_Ship
numerous	ADJ	1	02x06_-_The_Fearsome_Luxury_Cruise_Ship
complete	ADJ	10	02x06_-_The_Fearsome_Luxury_Cruise_Ship
idiot	ADJ	1	02x06_-_The_Fearsome_Luxury_Cruise_Ship
good	ADJ	27	02x06_-_The_Fearsome_Luxury_Cruise_Ship
numerous	ADJ	1	02x06_-_The_Fearsome_Luxury_Cruise_Ship
few	ADJ	2	02x06_-_The_Fearsome_Luxury_Cruise_Ship
second	ADJ	15	02x06_-_The_Fearsome_Luxury_Cruise_Ship
sorry	ADJ	4	02x06_-_The_Fearsome_Luxury_Cruise_Ship
big	ADJ	17	02x06_-_The_Fearsome_Luxury_Cruise_Ship
new	ADJ	12	02x06_-_The_Fearsome_Luxury_Cruise_Ship
female	ADJ	5	02x06_-_The_Fearsome_Luxury_Cruise_Ship
least	ADJ	3	02x06_-_The_Fearsome_Luxury_Cruise_Ship
sure	ADJ	10	02x06_-_The_Fearsome_Luxury_Cruise_Ship
new	ADJ	12	02x06_-_The_Fearsome_Luxury_Cruise_Ship
impatient	ADJ	2	02x06_-_The_Fearsome_Luxury_Cruise_Ship
easy	ADJ	15	02x06_-_The_Fearsome_Luxury_Cruise_Ship
fast	ADJ	15	02x06_-_The_Fearsome_Luxury_Cruise_Ship
psychotic	ADJ	2	02x06_-_The_Fearsome_Luxury_Cruise_Ship
few	ADJ	2	02x06_-_The_Fearsome_Luxury_Cruise_Ship
unnecessary	ADJ	1	02x06_-_The_Fearsome_Luxury_Cruise_Ship
more	ADJ	5	02x06_-_The_Fearsome_Luxury_Cruise_Ship
about	ADJ	8	02x06_-_The_Fearsome_Luxury_Cruise_Ship
able	ADJ	4	02x06_-_The_Fearsome_Luxury_Cruise_Ship
stern	ADJ	7	02x06_-_The_Fearsome_Luxury_Cruise_Ship
many	ADJ	1	02x06_-_The_Fearsome_Luxury_Cruise_Ship
close	ADJ	37	02x06_-_The_Fearsome_Luxury_Cruise_Ship
close	ADJ	37	02x06_-_The_Fearsome_Luxury_Cruise_Ship
black	ADJ	22	02x06_-_The_Fearsome_Luxury_Cruise_Ship
haired	ADJ	1	02x06_-_The_Fearsome_Luxury_Cruise_Ship
blind	ADJ	10	02x06_-_The_Fearsome_Luxury_Cruise_Ship
blonde	ADJ	3	02x06_-_The_Fearsome_Luxury_Cruise_Ship
sorry	ADJ	4	02x06_-_The_Fearsome_Luxury_Cruise_Ship
good	ADJ	27	02x06_-_The_Fearsome_Luxury_Cruise_Ship
married	ADJ	5	02x06_-_The_Fearsome_Luxury_Cruise_Ship
little	ADJ	10	02x06_-_The_Fearsome_Luxury_Cruise_Ship
able	ADJ	4	02x06_-_The_Fearsome_Luxury_Cruise_Ship
second	ADJ	15	02x06_-_The_Fearsome_Luxury_Cruise_Ship
unnecessary	ADJ	1	02x06_-_The_Fearsome_Luxury_Cruise_Ship
late	ADJ	11	02x06_-_The_Fearsome_Luxury_Cruise_Ship
many	ADJ	1	02x06_-_The_Fearsome_Luxury_Cruise_Ship
sure	ADJ	10	02x06_-_The_Fearsome_Luxury_Cruise_Ship
few	ADJ	2	02x06_-_The_Fearsome_Luxury_Cruise_Ship
few	ADJ	2	02x06_-_The_Fearsome_Luxury_Cruise_Ship
suspicious	ADJ	2	02x06_-_The_Fearsome_Luxury_Cruise_Ship
low	ADJ	16	02x06_-_The_Fearsome_Luxury_Cruise_Ship
much	ADJ	7	02x06_-_The_Fearsome_Luxury_Cruise_Ship
low	ADJ	16	02x06_-_The_Fearsome_Luxury_Cruise_Ship
cute	ADJ	2	02x06_-_The_Fearsome_Luxury_Cruise_Ship
normal	ADJ	5	02x06_-_The_Fearsome_Luxury_Cruise_Ship
unnecessary	ADJ	1	02x06_-_The_Fearsome_Luxury_Cruise_Ship
good	ADJ	27	02x06_-_The_Fearsome_Luxury_Cruise_Ship
wrong	ADJ	13	02x06_-_The_Fearsome_Luxury_Cruise_Ship
damn	ADJ	5	02x06_-_The_Fearsome_Luxury_Cruise_Ship
black	ADJ	22	02x06_-_The_Fearsome_Luxury_Cruise_Ship
haired	ADJ	1	02x06_-_The_Fearsome_Luxury_Cruise_Ship
skilled	ADJ	1	02x06_-_The_Fearsome_Luxury_Cruise_Ship
more	ADJ	5	02x06_-_The_Fearsome_Luxury_Cruise_Ship
sorry	ADJ	4	02x06_-_The_Fearsome_Luxury_Cruise_Ship
precious	ADJ	5	02x06_-_The_Fearsome_Luxury_Cruise_Ship
normal	ADJ	5	02x06_-_The_Fearsome_Luxury_Cruise_Ship
good	ADJ	27	02x06_-_The_Fearsome_Luxury_Cruise_Ship
mad	ADJ	4	02x06_-_The_Fearsome_Luxury_Cruise_Ship
sad	ADJ	3	02x06_-_The_Fearsome_Luxury_Cruise_Ship
mad	ADJ	4	02x06_-_The_Fearsome_Luxury_Cruise_Ship
unstable	ADJ	6	02x06_-_The_Fearsome_Luxury_Cruise_Ship
right	ADJ	36	02x06_-_The_Fearsome_Luxury_Cruise_Ship
constant	ADJ	5	02x06_-_The_Fearsome_Luxury_Cruise_Ship
aware	ADJ	2	02x06_-_The_Fearsome_Luxury_Cruise_Ship
particular	ADJ	9	02x06_-_The_Fearsome_Luxury_Cruise_Ship
popular	ADJ	4	02x06_-_The_Fearsome_Luxury_Cruise_Ship
popular	ADJ	4	02x06_-_The_Fearsome_Luxury_Cruise_Ship
fitting	ADJ	15	02x06_-_The_Fearsome_Luxury_Cruise_Ship
mental	ADJ	5	02x06_-_The_Fearsome_Luxury_Cruise_Ship
overwhelming	ADJ	6	02x06_-_The_Fearsome_Luxury_Cruise_Ship
wooden	ADJ	2	02x06_-_The_Fearsome_Luxury_Cruise_Ship
excited	ADJ	12	02x06_-_The_Fearsome_Luxury_Cruise_Ship
entire	ADJ	5	02x06_-_The_Fearsome_Luxury_Cruise_Ship
right	ADJ	36	02x06_-_The_Fearsome_Luxury_Cruise_Ship
important	ADJ	5	02x06_-_The_Fearsome_Luxury_Cruise_Ship
cheerful	ADJ	2	02x06_-_The_Fearsome_Luxury_Cruise_Ship
squid	ADJ	2	02x06_-_The_Fearsome_Luxury_Cruise_Ship
fun	ADJ	4	02x06_-_The_Fearsome_Luxury_Cruise_Ship
single	ADJ	10	02x06_-_The_Fearsome_Luxury_Cruise_Ship
fun	ADJ	4	02x06_-_The_Fearsome_Luxury_Cruise_Ship
different	ADJ	5	02x06_-_The_Fearsome_Luxury_Cruise_Ship
optimal	ADJ	1	02x06_-_The_Fearsome_Luxury_Cruise_Ship
good	ADJ	27	02x06_-_The_Fearsome_Luxury_Cruise_Ship
perfect	ADJ	5	02x06_-_The_Fearsome_Luxury_Cruise_Ship
other	ADJ	4	02x06_-_The_Fearsome_Luxury_Cruise_Ship
last	ADJ	21	02x06_-_The_Fearsome_Luxury_Cruise_Ship
strong	ADJ	10	02x06_-_The_Fearsome_Luxury_Cruise_Ship
original	ADJ	6	02x07_-_Who_Is_This_Mission_For_
intermediate	ADJ	4	02x07_-_Who_Is_This_Mission_For_
hard	ADJ	22	02x07_-_Who_Is_This_Mission_For_
close	ADJ	37	02x07_-_Who_Is_This_Mission_For_
skilled	ADJ	1	02x07_-_Who_Is_This_Mission_For_
good	ADJ	27	02x07_-_Who_Is_This_Mission_For_
amazing	ADJ	4	02x07_-_Who_Is_This_Mission_For_
cool	ADJ	11	02x07_-_Who_Is_This_Mission_For_
difficult	ADJ	2	02x07_-_Who_Is_This_Mission_For_
close	ADJ	37	02x07_-_Who_Is_This_Mission_For_
close	ADJ	37	02x07_-_Who_Is_This_Mission_For_
fatal	ADJ	4	02x07_-_Who_Is_This_Mission_For_
suspicious	ADJ	2	02x07_-_Who_Is_This_Mission_For_
old	ADJ	9	02x07_-_Who_Is_This_Mission_For_
flashy	ADJ	2	02x07_-_Who_Is_This_Mission_For_
big	ADJ	17	02x07_-_Who_Is_This_Mission_For_
amazing	ADJ	4	02x07_-_Who_Is_This_Mission_For_
scary	ADJ	1	02x07_-_Who_Is_This_Mission_For_
little	ADJ	10	02x07_-_Who_Is_This_Mission_For_
obedient	ADJ	1	02x07_-_Who_Is_This_Mission_For_
perfect	ADJ	5	02x07_-_Who_Is_This_Mission_For_
exciting	ADJ	10	02x07_-_Who_Is_This_Mission_For_
flawless	ADJ	1	02x07_-_Who_Is_This_Mission_For_
happy	ADJ	4	02x07_-_Who_Is_This_Mission_For_
cheerful	ADJ	2	02x07_-_Who_Is_This_Mission_For_
uncool	ADJ	1	02x07_-_Who_Is_This_Mission_For_
crazy	ADJ	6	02x07_-_Who_Is_This_Mission_For_
scary	ADJ	1	02x07_-_Who_Is_This_Mission_For_
glad	ADJ	5	02x07_-_Who_Is_This_Mission_For_
different	ADJ	5	02x07_-_Who_Is_This_Mission_For_
female	ADJ	5	02x07_-_Who_Is_This_Mission_For_
likely	ADJ	5	02x07_-_Who_Is_This_Mission_For_
second	ADJ	15	02x07_-_Who_Is_This_Mission_For_
third	ADJ	8	02x07_-_Who_Is_This_Mission_For_
other	ADJ	4	02x07_-_Who_Is_This_Mission_For_
useless	ADJ	1	02x07_-_Who_Is_This_Mission_For_
least	ADJ	3	02x07_-_Who_Is_This_Mission_For_
sure	ADJ	10	02x07_-_Who_Is_This_Mission_For_
busy	ADJ	6	02x07_-_Who_Is_This_Mission_For_
right	ADJ	36	02x07_-_Who_Is_This_Mission_For_
quiet	ADJ	13	02x07_-_Who_Is_This_Mission_For_
scared	ADJ	4	02x07_-_Who_Is_This_Mission_For_
dummy	ADJ	6	02x07_-_Who_Is_This_Mission_For_
huge	ADJ	1	02x07_-_Who_Is_This_Mission_For_
huge	ADJ	1	02x07_-_Who_Is_This_Mission_For_
pathetic	ADJ	3	02x07_-_Who_Is_This_Mission_For_
little	ADJ	10	02x07_-_Who_Is_This_Mission_For_
new	ADJ	12	02x07_-_Who_Is_This_Mission_For_
hopeless	ADJ	4	02x07_-_Who_Is_This_Mission_For_
black	ADJ	22	02x07_-_Who_Is_This_Mission_For_
more	ADJ	5	02x07_-_Who_Is_This_Mission_For_
enough	ADJ	3	02x07_-_Who_Is_This_Mission_For_
crazy	ADJ	6	02x07_-_Who_Is_This_Mission_For_
last	ADJ	21	02x07_-_Who_Is_This_Mission_For_
secret	ADJ	14	02x07_-_Who_Is_This_Mission_For_
sorry	ADJ	4	02x07_-_Who_Is_This_Mission_For_
careful	ADJ	5	02x07_-_Who_Is_This_Mission_For_
possible	ADJ	4	02x07_-_Who_Is_This_Mission_For_
amazing	ADJ	4	02x07_-_Who_Is_This_Mission_For_
calm	ADJ	8	02x07_-_Who_Is_This_Mission_For_
normal	ADJ	5	02x07_-_Who_Is_This_Mission_For_
scary	ADJ	1	02x07_-_Who_Is_This_Mission_For_
pro	ADJ	4	02x07_-_Who_Is_This_Mission_For_
afraid	ADJ	4	02x07_-_Who_Is_This_Mission_For_
able	ADJ	4	02x07_-_Who_Is_This_Mission_For_
right	ADJ	36	02x07_-_Who_Is_This_Mission_For_
right	ADJ	36	02x07_-_Who_Is_This_Mission_For_
pet	ADJ	7	02x07_-_Who_Is_This_Mission_For_
busy	ADJ	6	02x07_-_Who_Is_This_Mission_For_
underground	ADJ	6	02x07_-_Who_Is_This_Mission_For_
cute	ADJ	2	02x07_-_Who_Is_This_Mission_For_
good	ADJ	27	02x07_-_Who_Is_This_Mission_For_
good	ADJ	27	02x07_-_Who_Is_This_Mission_For_
first	ADJ	16	02x07_-_Who_Is_This_Mission_For_
other	ADJ	4	02x07_-_Who_Is_This_Mission_For_
calm	ADJ	8	02x07_-_Who_Is_This_Mission_For_
such	ADJ	2	02x07_-_Who_Is_This_Mission_For_
uncool	ADJ	1	02x07_-_Who_Is_This_Mission_For_
headed	ADJ	13	02x07_-_Who_Is_This_Mission_For_
many	ADJ	1	02x07_-_Who_Is_This_Mission_For_
overconfident	ADJ	1	02x07_-_Who_Is_This_Mission_For_
unknown	ADJ	8	02x07_-_Who_Is_This_Mission_For_
invisible	ADJ	2	02x07_-_Who_Is_This_Mission_For_
evil	ADJ	6	02x07_-_Who_Is_This_Mission_For_
next	ADJ	4	02x07_-_Who_Is_This_Mission_For_
unknown	ADJ	8	02x07_-_Who_Is_This_Mission_For_
unable	ADJ	3	02x07_-_Who_Is_This_Mission_For_
blind	ADJ	10	02x07_-_Who_Is_This_Mission_For_
fit	ADJ	16	02x07_-_Who_Is_This_Mission_For_
unknown	ADJ	8	02x07_-_Who_Is_This_Mission_For_
new	ADJ	12	02x07_-_Who_Is_This_Mission_For_
second	ADJ	15	02x07_-_Who_Is_This_Mission_For_
difficult	ADJ	2	02x07_-_Who_Is_This_Mission_For_
big	ADJ	17	02x07_-_Who_Is_This_Mission_For_
last	ADJ	21	02x07_-_Who_Is_This_Mission_For_
angry	ADJ	3	02x07_-_Who_Is_This_Mission_For_
wrong	ADJ	13	02x07_-_Who_Is_This_Mission_For_
heroic	ADJ	6	02x07_-_Who_Is_This_Mission_For_
exciting	ADJ	10	02x07_-_Who_Is_This_Mission_For_
exciting	ADJ	10	02x07_-_Who_Is_This_Mission_For_
asleep	ADJ	5	02x07_-_Who_Is_This_Mission_For_
last	ADJ	21	02x07_-_Who_Is_This_Mission_For_
yor	ADJ	0	02x07_-_Who_Is_This_Mission_For_
fun	ADJ	4	02x07_-_Who_Is_This_Mission_For_
successful	ADJ	1	02x07_-_Who_Is_This_Mission_For_
important	ADJ	5	02x07_-_Who_Is_This_Mission_For_
satisfied	ADJ	5	02x07_-_Who_Is_This_Mission_For_
loud	ADJ	4	02x07_-_Who_Is_This_Mission_For_
new	ADJ	12	02x07_-_Who_Is_This_Mission_For_
sure	ADJ	10	02x07_-_Who_Is_This_Mission_For_
glad	ADJ	5	02x07_-_Who_Is_This_Mission_For_
much	ADJ	7	02x07_-_Who_Is_This_Mission_For_
difficult	ADJ	2	02x07_-_Who_Is_This_Mission_For_
able	ADJ	4	02x07_-_Who_Is_This_Mission_For_
much	ADJ	7	02x07_-_Who_Is_This_Mission_For_
much	ADJ	7	02x07_-_Who_Is_This_Mission_For_
upset	ADJ	17	02x07_-_Who_Is_This_Mission_For_
unknown	ADJ	8	02x07_-_Who_Is_This_Mission_For_
rebellious	ADJ	3	02x07_-_Who_Is_This_Mission_For_
okay	ADJ	4	02x07_-_Who_Is_This_Mission_For_
troubling	ADJ	6	02x07_-_Who_Is_This_Mission_For_
okay	ADJ	4	02x07_-_Who_Is_This_Mission_For_
glad	ADJ	5	02x07_-_Who_Is_This_Mission_For_
little	ADJ	10	02x07_-_Who_Is_This_Mission_For_
lonely	ADJ	4	02x07_-_Who_Is_This_Mission_For_
right	ADJ	36	02x07_-_Who_Is_This_Mission_For_
nice	ADJ	6	02x07_-_Who_Is_This_Mission_For_
young	ADJ	14	02x07_-_Who_Is_This_Mission_For_
open	ADJ	36	02x07_-_Who_Is_This_Mission_For_
main	ADJ	5	02x07_-_Who_Is_This_Mission_For_
hard	ADJ	22	02x07_-_Who_Is_This_Mission_For_
ready	ADJ	8	02x07_-_Who_Is_This_Mission_For_
unidentified	ADJ	2	02x07_-_Who_Is_This_Mission_For_
clear	ADJ	45	02x07_-_Who_Is_This_Mission_For_
original	ADJ	6	02x08_-_The_Symphony_Upon_the_Ship-Sis_s_Herb_Tea
dazzling	ADJ	4	02x08_-_The_Symphony_Upon_the_Ship-Sis_s_Herb_Tea
memorable	ADJ	1	02x08_-_The_Symphony_Upon_the_Ship-Sis_s_Herb_Tea
last	ADJ	21	02x08_-_The_Symphony_Upon_the_Ship-Sis_s_Herb_Tea
inflatable	ADJ	1	02x08_-_The_Symphony_Upon_the_Ship-Sis_s_Herb_Tea
idiot	ADJ	1	02x08_-_The_Symphony_Upon_the_Ship-Sis_s_Herb_Tea
mad	ADJ	4	02x08_-_The_Symphony_Upon_the_Ship-Sis_s_Herb_Tea
popular	ADJ	4	02x08_-_The_Symphony_Upon_the_Ship-Sis_s_Herb_Tea
right	ADJ	36	02x08_-_The_Symphony_Upon_the_Ship-Sis_s_Herb_Tea
crowded	ADJ	5	02x08_-_The_Symphony_Upon_the_Ship-Sis_s_Herb_Tea
able	ADJ	4	02x08_-_The_Symphony_Upon_the_Ship-Sis_s_Herb_Tea
easy	ADJ	15	02x08_-_The_Symphony_Upon_the_Ship-Sis_s_Herb_Tea
able	ADJ	4	02x08_-_The_Symphony_Upon_the_Ship-Sis_s_Herb_Tea
likely	ADJ	5	02x08_-_The_Symphony_Upon_the_Ship-Sis_s_Herb_Tea
okay	ADJ	4	02x08_-_The_Symphony_Upon_the_Ship-Sis_s_Herb_Tea
secluded	ADJ	3	02x08_-_The_Symphony_Upon_the_Ship-Sis_s_Herb_Tea
loud	ADJ	4	02x08_-_The_Symphony_Upon_the_Ship-Sis_s_Herb_Tea
possible	ADJ	4	02x08_-_The_Symphony_Upon_the_Ship-Sis_s_Herb_Tea
startling	ADJ	3	02x08_-_The_Symphony_Upon_the_Ship-Sis_s_Herb_Tea
okay	ADJ	4	02x08_-_The_Symphony_Upon_the_Ship-Sis_s_Herb_Tea
pretty	ADJ	3	02x08_-_The_Symphony_Upon_the_Ship-Sis_s_Herb_Tea
loud	ADJ	4	02x08_-_The_Symphony_Upon_the_Ship-Sis_s_Herb_Tea
black	ADJ	22	02x08_-_The_Symphony_Upon_the_Ship-Sis_s_Herb_Tea
haired	ADJ	1	02x08_-_The_Symphony_Upon_the_Ship-Sis_s_Herb_Tea
possible	ADJ	4	02x08_-_The_Symphony_Upon_the_Ship-Sis_s_Herb_Tea
okay	ADJ	4	02x08_-_The_Symphony_Upon_the_Ship-Sis_s_Herb_Tea
strong	ADJ	10	02x08_-_The_Symphony_Upon_the_Ship-Sis_s_Herb_Tea
blind	ADJ	10	02x08_-_The_Symphony_Upon_the_Ship-Sis_s_Herb_Tea
reckless	ADJ	2	02x08_-_The_Symphony_Upon_the_Ship-Sis_s_Herb_Tea
good	ADJ	27	02x08_-_The_Symphony_Upon_the_Ship-Sis_s_Herb_Tea
satisfied	ADJ	5	02x08_-_The_Symphony_Upon_the_Ship-Sis_s_Herb_Tea
good	ADJ	27	02x08_-_The_Symphony_Upon_the_Ship-Sis_s_Herb_Tea
much	ADJ	7	02x08_-_The_Symphony_Upon_the_Ship-Sis_s_Herb_Tea
sorry	ADJ	4	02x08_-_The_Symphony_Upon_the_Ship-Sis_s_Herb_Tea
many	ADJ	1	02x08_-_The_Symphony_Upon_the_Ship-Sis_s_Herb_Tea
skilled	ADJ	1	02x08_-_The_Symphony_Upon_the_Ship-Sis_s_Herb_Tea
foreign	ADJ	4	02x08_-_The_Symphony_Upon_the_Ship-Sis_s_Herb_Tea
unfamiliar	ADJ	1	02x08_-_The_Symphony_Upon_the_Ship-Sis_s_Herb_Tea
red	ADJ	7	02x08_-_The_Symphony_Upon_the_Ship-Sis_s_Herb_Tea
bored	ADJ	4	02x08_-_The_Symphony_Upon_the_Ship-Sis_s_Herb_Tea
insane	ADJ	2	02x08_-_The_Symphony_Upon_the_Ship-Sis_s_Herb_Tea
poisonous	ADJ	3	02x08_-_The_Symphony_Upon_the_Ship-Sis_s_Herb_Tea
strong	ADJ	10	02x08_-_The_Symphony_Upon_the_Ship-Sis_s_Herb_Tea
such	ADJ	2	02x08_-_The_Symphony_Upon_the_Ship-Sis_s_Herb_Tea
bad	ADJ	17	02x08_-_The_Symphony_Upon_the_Ship-Sis_s_Herb_Tea
climactic	ADJ	1	02x08_-_The_Symphony_Upon_the_Ship-Sis_s_Herb_Tea
horrible	ADJ	1	02x08_-_The_Symphony_Upon_the_Ship-Sis_s_Herb_Tea
natural	ADJ	13	02x08_-_The_Symphony_Upon_the_Ship-Sis_s_Herb_Tea
sorry	ADJ	4	02x08_-_The_Symphony_Upon_the_Ship-Sis_s_Herb_Tea
serious	ADJ	6	02x08_-_The_Symphony_Upon_the_Ship-Sis_s_Herb_Tea
many	ADJ	1	02x08_-_The_Symphony_Upon_the_Ship-Sis_s_Herb_Tea
big	ADJ	17	02x08_-_The_Symphony_Upon_the_Ship-Sis_s_Herb_Tea
little	ADJ	10	02x08_-_The_Symphony_Upon_the_Ship-Sis_s_Herb_Tea
late	ADJ	11	02x08_-_The_Symphony_Upon_the_Ship-Sis_s_Herb_Tea
unnecessary	ADJ	1	02x08_-_The_Symphony_Upon_the_Ship-Sis_s_Herb_Tea
old	ADJ	9	02x08_-_The_Symphony_Upon_the_Ship-Sis_s_Herb_Tea
old	ADJ	9	02x08_-_The_Symphony_Upon_the_Ship-Sis_s_Herb_Tea
fashioned	ADJ	2	02x08_-_The_Symphony_Upon_the_Ship-Sis_s_Herb_Tea
rich	ADJ	13	02x08_-_The_Symphony_Upon_the_Ship-Sis_s_Herb_Tea
happy	ADJ	4	02x08_-_The_Symphony_Upon_the_Ship-Sis_s_Herb_Tea
different	ADJ	5	02x08_-_The_Symphony_Upon_the_Ship-Sis_s_Herb_Tea
heavy	ADJ	30	02x08_-_The_Symphony_Upon_the_Ship-Sis_s_Herb_Tea
unexpected	ADJ	1	02x08_-_The_Symphony_Upon_the_Ship-Sis_s_Herb_Tea
horrible	ADJ	1	02x08_-_The_Symphony_Upon_the_Ship-Sis_s_Herb_Tea
suspicious	ADJ	2	02x08_-_The_Symphony_Upon_the_Ship-Sis_s_Herb_Tea
entertaining	ADJ	4	02x08_-_The_Symphony_Upon_the_Ship-Sis_s_Herb_Tea
scared	ADJ	4	02x08_-_The_Symphony_Upon_the_Ship-Sis_s_Herb_Tea
serious	ADJ	6	02x08_-_The_Symphony_Upon_the_Ship-Sis_s_Herb_Tea
same	ADJ	6	02x08_-_The_Symphony_Upon_the_Ship-Sis_s_Herb_Tea
enough	ADJ	3	02x08_-_The_Symphony_Upon_the_Ship-Sis_s_Herb_Tea
rid	ADJ	1	02x08_-_The_Symphony_Upon_the_Ship-Sis_s_Herb_Tea
bad	ADJ	17	02x08_-_The_Symphony_Upon_the_Ship-Sis_s_Herb_Tea
good	ADJ	27	02x08_-_The_Symphony_Upon_the_Ship-Sis_s_Herb_Tea
able	ADJ	4	02x08_-_The_Symphony_Upon_the_Ship-Sis_s_Herb_Tea
dry	ADJ	19	02x08_-_The_Symphony_Upon_the_Ship-Sis_s_Herb_Tea
big	ADJ	17	02x08_-_The_Symphony_Upon_the_Ship-Sis_s_Herb_Tea
little	ADJ	10	02x08_-_The_Symphony_Upon_the_Ship-Sis_s_Herb_Tea
tired	ADJ	6	02x08_-_The_Symphony_Upon_the_Ship-Sis_s_Herb_Tea
first	ADJ	16	02x08_-_The_Symphony_Upon_the_Ship-Sis_s_Herb_Tea
right	ADJ	36	02x08_-_The_Symphony_Upon_the_Ship-Sis_s_Herb_Tea
able	ADJ	4	02x08_-_The_Symphony_Upon_the_Ship-Sis_s_Herb_Tea
dry	ADJ	19	02x08_-_The_Symphony_Upon_the_Ship-Sis_s_Herb_Tea
rid	ADJ	1	02x08_-_The_Symphony_Upon_the_Ship-Sis_s_Herb_Tea
quiet	ADJ	13	02x08_-_The_Symphony_Upon_the_Ship-Sis_s_Herb_Tea
right	ADJ	36	02x08_-_The_Symphony_Upon_the_Ship-Sis_s_Herb_Tea
busy	ADJ	6	02x08_-_The_Symphony_Upon_the_Ship-Sis_s_Herb_Tea
carefree	ADJ	2	02x08_-_The_Symphony_Upon_the_Ship-Sis_s_Herb_Tea
unwarranted	ADJ	3	02x08_-_The_Symphony_Upon_the_Ship-Sis_s_Herb_Tea
clean	ADJ	31	02x08_-_The_Symphony_Upon_the_Ship-Sis_s_Herb_Tea
grueling	ADJ	1	02x08_-_The_Symphony_Upon_the_Ship-Sis_s_Herb_Tea
proud	ADJ	2	02x08_-_The_Symphony_Upon_the_Ship-Sis_s_Herb_Tea
sure	ADJ	10	02x08_-_The_Symphony_Upon_the_Ship-Sis_s_Herb_Tea
sudden	ADJ	1	02x08_-_The_Symphony_Upon_the_Ship-Sis_s_Herb_Tea
sick	ADJ	9	02x08_-_The_Symphony_Upon_the_Ship-Sis_s_Herb_Tea
right	ADJ	36	02x08_-_The_Symphony_Upon_the_Ship-Sis_s_Herb_Tea
sorry	ADJ	4	02x08_-_The_Symphony_Upon_the_Ship-Sis_s_Herb_Tea
sorry	ADJ	4	02x08_-_The_Symphony_Upon_the_Ship-Sis_s_Herb_Tea
herbal	ADJ	2	02x08_-_The_Symphony_Upon_the_Ship-Sis_s_Herb_Tea
fine	ADJ	10	02x08_-_The_Symphony_Upon_the_Ship-Sis_s_Herb_Tea
cold	ADJ	16	02x08_-_The_Symphony_Upon_the_Ship-Sis_s_Herb_Tea
well	ADJ	22	02x08_-_The_Symphony_Upon_the_Ship-Sis_s_Herb_Tea
much	ADJ	7	02x08_-_The_Symphony_Upon_the_Ship-Sis_s_Herb_Tea
green	ADJ	14	02x08_-_The_Symphony_Upon_the_Ship-Sis_s_Herb_Tea
cold	ADJ	16	02x08_-_The_Symphony_Upon_the_Ship-Sis_s_Herb_Tea
herbal	ADJ	2	02x08_-_The_Symphony_Upon_the_Ship-Sis_s_Herb_Tea
good	ADJ	27	02x08_-_The_Symphony_Upon_the_Ship-Sis_s_Herb_Tea
little	ADJ	10	02x08_-_The_Symphony_Upon_the_Ship-Sis_s_Herb_Tea
herbal	ADJ	2	02x08_-_The_Symphony_Upon_the_Ship-Sis_s_Herb_Tea
good	ADJ	27	02x08_-_The_Symphony_Upon_the_Ship-Sis_s_Herb_Tea
sturdy	ADJ	3	02x08_-_The_Symphony_Upon_the_Ship-Sis_s_Herb_Tea
strong	ADJ	10	02x08_-_The_Symphony_Upon_the_Ship-Sis_s_Herb_Tea
glad	ADJ	5	02x08_-_The_Symphony_Upon_the_Ship-Sis_s_Herb_Tea
young	ADJ	14	02x08_-_The_Symphony_Upon_the_Ship-Sis_s_Herb_Tea
okay	ADJ	4	02x08_-_The_Symphony_Upon_the_Ship-Sis_s_Herb_Tea
glad	ADJ	5	02x08_-_The_Symphony_Upon_the_Ship-Sis_s_Herb_Tea
healthy	ADJ	5	02x08_-_The_Symphony_Upon_the_Ship-Sis_s_Herb_Tea
kind	ADJ	4	02x08_-_The_Symphony_Upon_the_Ship-Sis_s_Herb_Tea
well	ADJ	22	02x08_-_The_Symphony_Upon_the_Ship-Sis_s_Herb_Tea
glad	ADJ	5	02x08_-_The_Symphony_Upon_the_Ship-Sis_s_Herb_Tea
strange	ADJ	3	02x08_-_The_Symphony_Upon_the_Ship-Sis_s_Herb_Tea
cold	ADJ	16	02x08_-_The_Symphony_Upon_the_Ship-Sis_s_Herb_Tea
glad	ADJ	5	02x08_-_The_Symphony_Upon_the_Ship-Sis_s_Herb_Tea
okay	ADJ	4	02x08_-_The_Symphony_Upon_the_Ship-Sis_s_Herb_Tea
famous	ADJ	1	02x08_-_The_Symphony_Upon_the_Ship-Sis_s_Herb_Tea
disgusting	ADJ	3	02x08_-_The_Symphony_Upon_the_Ship-Sis_s_Herb_Tea
similar	ADJ	5	02x08_-_The_Symphony_Upon_the_Ship-Sis_s_Herb_Tea
other	ADJ	4	02x09_-_The_Hand_That_Connects_to_the_Future
grand	ADJ	10	02x09_-_The_Hand_That_Connects_to_the_Future
grand	ADJ	10	02x09_-_The_Hand_That_Connects_to_the_Future
entire	ADJ	5	02x09_-_The_Hand_That_Connects_to_the_Future
same	ADJ	6	02x09_-_The_Hand_That_Connects_to_the_Future
many	ADJ	1	02x09_-_The_Hand_That_Connects_to_the_Future
cool	ADJ	11	02x09_-_The_Hand_That_Connects_to_the_Future
other	ADJ	4	02x09_-_The_Hand_That_Connects_to_the_Future
exciting	ADJ	10	02x09_-_The_Hand_That_Connects_to_the_Future
uncool	ADJ	1	02x09_-_The_Hand_That_Connects_to_the_Future
deadly	ADJ	8	02x09_-_The_Hand_That_Connects_to_the_Future
carefree	ADJ	2	02x09_-_The_Hand_That_Connects_to_the_Future
sure	ADJ	10	02x09_-_The_Hand_That_Connects_to_the_Future
original	ADJ	6	02x09_-_The_Hand_That_Connects_to_the_Future
beautiful	ADJ	2	02x09_-_The_Hand_That_Connects_to_the_Future
glad	ADJ	5	02x09_-_The_Hand_That_Connects_to_the_Future
big	ADJ	17	02x09_-_The_Hand_That_Connects_to_the_Future
sure	ADJ	10	02x09_-_The_Hand_That_Connects_to_the_Future
risky	ADJ	2	02x09_-_The_Hand_That_Connects_to_the_Future
bad	ADJ	17	02x09_-_The_Hand_That_Connects_to_the_Future
great	ADJ	7	02x09_-_The_Hand_That_Connects_to_the_Future
hey	ADJ	0	02x09_-_The_Hand_That_Connects_to_the_Future
darn	ADJ	3	02x09_-_The_Hand_That_Connects_to_the_Future
convenient	ADJ	2	02x09_-_The_Hand_That_Connects_to_the_Future
little	ADJ	10	02x09_-_The_Hand_That_Connects_to_the_Future
good	ADJ	27	02x09_-_The_Hand_That_Connects_to_the_Future
good	ADJ	27	02x09_-_The_Hand_That_Connects_to_the_Future
amazing	ADJ	4	02x09_-_The_Hand_That_Connects_to_the_Future
tired	ADJ	6	02x09_-_The_Hand_That_Connects_to_the_Future
tired	ADJ	6	02x09_-_The_Hand_That_Connects_to_the_Future
possible	ADJ	4	02x09_-_The_Hand_That_Connects_to_the_Future
impossible	ADJ	4	02x09_-_The_Hand_That_Connects_to_the_Future
western	ADJ	6	02x09_-_The_Hand_That_Connects_to_the_Future
eastern	ADJ	5	02x09_-_The_Hand_That_Connects_to_the_Future
entire	ADJ	5	02x09_-_The_Hand_That_Connects_to_the_Future
such	ADJ	2	02x09_-_The_Hand_That_Connects_to_the_Future
western	ADJ	6	02x09_-_The_Hand_That_Connects_to_the_Future
scary	ADJ	1	02x09_-_The_Hand_That_Connects_to_the_Future
bad	ADJ	17	02x09_-_The_Hand_That_Connects_to_the_Future
enough	ADJ	3	02x09_-_The_Hand_That_Connects_to_the_Future
bad	ADJ	17	02x09_-_The_Hand_That_Connects_to_the_Future
close	ADJ	37	02x09_-_The_Hand_That_Connects_to_the_Future
right	ADJ	36	02x09_-_The_Hand_That_Connects_to_the_Future
last	ADJ	21	02x09_-_The_Hand_That_Connects_to_the_Future
old	ADJ	9	02x09_-_The_Hand_That_Connects_to_the_Future
tired	ADJ	6	02x09_-_The_Hand_That_Connects_to_the_Future
great	ADJ	7	02x09_-_The_Hand_That_Connects_to_the_Future
more	ADJ	5	02x09_-_The_Hand_That_Connects_to_the_Future
right	ADJ	36	02x09_-_The_Hand_That_Connects_to_the_Future
enough	ADJ	3	02x09_-_The_Hand_That_Connects_to_the_Future
possible	ADJ	4	02x09_-_The_Hand_That_Connects_to_the_Future
available	ADJ	3	02x09_-_The_Hand_That_Connects_to_the_Future
sure	ADJ	10	02x09_-_The_Hand_That_Connects_to_the_Future
mad	ADJ	4	02x09_-_The_Hand_That_Connects_to_the_Future
straightforward	ADJ	4	02x09_-_The_Hand_That_Connects_to_the_Future
new	ADJ	12	02x09_-_The_Hand_That_Connects_to_the_Future
sure	ADJ	10	02x09_-_The_Hand_That_Connects_to_the_Future
bad	ADJ	17	02x09_-_The_Hand_That_Connects_to_the_Future
more	ADJ	5	02x09_-_The_Hand_That_Connects_to_the_Future
good	ADJ	27	02x09_-_The_Hand_That_Connects_to_the_Future
low	ADJ	16	02x09_-_The_Hand_That_Connects_to_the_Future
young	ADJ	14	02x09_-_The_Hand_That_Connects_to_the_Future
strange	ADJ	3	02x09_-_The_Hand_That_Connects_to_the_Future
dirty	ADJ	13	02x09_-_The_Hand_That_Connects_to_the_Future
sorry	ADJ	4	02x09_-_The_Hand_That_Connects_to_the_Future
young	ADJ	14	02x09_-_The_Hand_That_Connects_to_the_Future
busy	ADJ	6	02x09_-_The_Hand_That_Connects_to_the_Future
suspicious	ADJ	2	02x09_-_The_Hand_That_Connects_to_the_Future
amazing	ADJ	4	02x09_-_The_Hand_That_Connects_to_the_Future
good	ADJ	27	02x09_-_The_Hand_That_Connects_to_the_Future
easy	ADJ	15	02x09_-_The_Hand_That_Connects_to_the_Future
alive	ADJ	7	02x09_-_The_Hand_That_Connects_to_the_Future
worth	ADJ	5	02x09_-_The_Hand_That_Connects_to_the_Future
western	ADJ	6	02x09_-_The_Hand_That_Connects_to_the_Future
crazy	ADJ	6	02x09_-_The_Hand_That_Connects_to_the_Future
happy	ADJ	4	02x09_-_The_Hand_That_Connects_to_the_Future
new	ADJ	12	02x09_-_The_Hand_That_Connects_to_the_Future
enough	ADJ	3	02x09_-_The_Hand_That_Connects_to_the_Future
good	ADJ	27	02x09_-_The_Hand_That_Connects_to_the_Future
upper	ADJ	6	02x09_-_The_Hand_That_Connects_to_the_Future
same	ADJ	6	02x09_-_The_Hand_That_Connects_to_the_Future
careful	ADJ	5	02x09_-_The_Hand_That_Connects_to_the_Future
upper	ADJ	6	02x09_-_The_Hand_That_Connects_to_the_Future
crowded	ADJ	5	02x09_-_The_Hand_That_Connects_to_the_Future
about	ADJ	8	02x09_-_The_Hand_That_Connects_to_the_Future
simple	ADJ	9	02x09_-_The_Hand_That_Connects_to_the_Future
secret	ADJ	14	02x09_-_The_Hand_That_Connects_to_the_Future
second	ADJ	15	02x09_-_The_Hand_That_Connects_to_the_Future
able	ADJ	4	02x09_-_The_Hand_That_Connects_to_the_Future
close	ADJ	37	02x09_-_The_Hand_That_Connects_to_the_Future
own	ADJ	2	02x09_-_The_Hand_That_Connects_to_the_Future
sorry	ADJ	4	02x09_-_The_Hand_That_Connects_to_the_Future
thorough	ADJ	2	02x09_-_The_Hand_That_Connects_to_the_Future
upper	ADJ	6	02x09_-_The_Hand_That_Connects_to_the_Future
little	ADJ	10	02x09_-_The_Hand_That_Connects_to_the_Future
dirty	ADJ	13	02x09_-_The_Hand_That_Connects_to_the_Future
farewell	ADJ	2	02x09_-_The_Hand_That_Connects_to_the_Future
dirty	ADJ	13	02x09_-_The_Hand_That_Connects_to_the_Future
sticky	ADJ	5	02x09_-_The_Hand_That_Connects_to_the_Future
warm	ADJ	13	02x09_-_The_Hand_That_Connects_to_the_Future
impossible	ADJ	4	02x09_-_The_Hand_That_Connects_to_the_Future
peaceful	ADJ	2	02x09_-_The_Hand_That_Connects_to_the_Future
other	ADJ	4	02x09_-_The_Hand_That_Connects_to_the_Future
sentimental	ADJ	2	02x09_-_The_Hand_That_Connects_to_the_Future
common	ADJ	10	02x09_-_The_Hand_That_Connects_to_the_Future
sorry	ADJ	4	02x09_-_The_Hand_That_Connects_to_the_Future
safe	ADJ	7	02x09_-_The_Hand_That_Connects_to_the_Future
sure	ADJ	10	02x09_-_The_Hand_That_Connects_to_the_Future
late	ADJ	11	02x09_-_The_Hand_That_Connects_to_the_Future
asleep	ADJ	5	02x09_-_The_Hand_That_Connects_to_the_Future
sorry	ADJ	4	02x09_-_The_Hand_That_Connects_to_the_Future
fullest	ADJ	8	02x09_-_The_Hand_That_Connects_to_the_Future
original	ADJ	6	02x10_-_Enjoy_the_Resort_to_the_Fullest-Bragging_About_Vacation
glad	ADJ	5	02x10_-_Enjoy_the_Resort_to_the_Fullest-Bragging_About_Vacation
unnerving	ADJ	2	02x10_-_Enjoy_the_Resort_to_the_Fullest-Bragging_About_Vacation
excited	ADJ	12	02x10_-_Enjoy_the_Resort_to_the_Fullest-Bragging_About_Vacation
simple	ADJ	9	02x10_-_Enjoy_the_Resort_to_the_Fullest-Bragging_About_Vacation
little	ADJ	10	02x10_-_Enjoy_the_Resort_to_the_Fullest-Bragging_About_Vacation
swollen	ADJ	7	02x10_-_Enjoy_the_Resort_to_the_Fullest-Bragging_About_Vacation
okay	ADJ	4	02x10_-_Enjoy_the_Resort_to_the_Fullest-Bragging_About_Vacation
possible	ADJ	4	02x10_-_Enjoy_the_Resort_to_the_Fullest-Bragging_About_Vacation
little	ADJ	10	02x10_-_Enjoy_the_Resort_to_the_Fullest-Bragging_About_Vacation
satisfied	ADJ	5	02x10_-_Enjoy_the_Resort_to_the_Fullest-Bragging_About_Vacation
nice	ADJ	6	02x10_-_Enjoy_the_Resort_to_the_Fullest-Bragging_About_Vacation
peaceful	ADJ	2	02x10_-_Enjoy_the_Resort_to_the_Fullest-Bragging_About_Vacation
threatening	ADJ	5	02x10_-_Enjoy_the_Resort_to_the_Fullest-Bragging_About_Vacation
right	ADJ	36	02x10_-_Enjoy_the_Resort_to_the_Fullest-Bragging_About_Vacation
beautiful	ADJ	2	02x10_-_Enjoy_the_Resort_to_the_Fullest-Bragging_About_Vacation
delicious	ADJ	3	02x10_-_Enjoy_the_Resort_to_the_Fullest-Bragging_About_Vacation
big	ADJ	17	02x10_-_Enjoy_the_Resort_to_the_Fullest-Bragging_About_Vacation
ready	ADJ	8	02x10_-_Enjoy_the_Resort_to_the_Fullest-Bragging_About_Vacation
right	ADJ	36	02x10_-_Enjoy_the_Resort_to_the_Fullest-Bragging_About_Vacation
thrilling	ADJ	6	02x10_-_Enjoy_the_Resort_to_the_Fullest-Bragging_About_Vacation
sorry	ADJ	4	02x10_-_Enjoy_the_Resort_to_the_Fullest-Bragging_About_Vacation
many	ADJ	1	02x10_-_Enjoy_the_Resort_to_the_Fullest-Bragging_About_Vacation
fun	ADJ	4	02x10_-_Enjoy_the_Resort_to_the_Fullest-Bragging_About_Vacation
right	ADJ	36	02x10_-_Enjoy_the_Resort_to_the_Fullest-Bragging_About_Vacation
sleepy	ADJ	1	02x10_-_Enjoy_the_Resort_to_the_Fullest-Bragging_About_Vacation
hey	ADJ	0	02x10_-_Enjoy_the_Resort_to_the_Fullest-Bragging_About_Vacation
sleepy	ADJ	1	02x10_-_Enjoy_the_Resort_to_the_Fullest-Bragging_About_Vacation
tired	ADJ	6	02x10_-_Enjoy_the_Resort_to_the_Fullest-Bragging_About_Vacation
exhausting	ADJ	7	02x10_-_Enjoy_the_Resort_to_the_Fullest-Bragging_About_Vacation
happy	ADJ	4	02x10_-_Enjoy_the_Resort_to_the_Fullest-Bragging_About_Vacation
hard	ADJ	22	02x10_-_Enjoy_the_Resort_to_the_Fullest-Bragging_About_Vacation
public	ADJ	4	02x10_-_Enjoy_the_Resort_to_the_Fullest-Bragging_About_Vacation
large	ADJ	11	02x10_-_Enjoy_the_Resort_to_the_Fullest-Bragging_About_Vacation
fake	ADJ	8	02x10_-_Enjoy_the_Resort_to_the_Fullest-Bragging_About_Vacation
numerous	ADJ	1	02x10_-_Enjoy_the_Resort_to_the_Fullest-Bragging_About_Vacation
suspicious	ADJ	2	02x10_-_Enjoy_the_Resort_to_the_Fullest-Bragging_About_Vacation
third	ADJ	8	02x10_-_Enjoy_the_Resort_to_the_Fullest-Bragging_About_Vacation
extremist	ADJ	2	02x10_-_Enjoy_the_Resort_to_the_Fullest-Bragging_About_Vacation
unknown	ADJ	8	02x10_-_Enjoy_the_Resort_to_the_Fullest-Bragging_About_Vacation
happy	ADJ	4	02x10_-_Enjoy_the_Resort_to_the_Fullest-Bragging_About_Vacation
enough	ADJ	3	02x10_-_Enjoy_the_Resort_to_the_Fullest-Bragging_About_Vacation
more	ADJ	5	02x10_-_Enjoy_the_Resort_to_the_Fullest-Bragging_About_Vacation
exhausting	ADJ	7	02x10_-_Enjoy_the_Resort_to_the_Fullest-Bragging_About_Vacation
clever	ADJ	3	02x10_-_Enjoy_the_Resort_to_the_Fullest-Bragging_About_Vacation
clumsy	ADJ	4	02x10_-_Enjoy_the_Resort_to_the_Fullest-Bragging_About_Vacation
good	ADJ	27	02x10_-_Enjoy_the_Resort_to_the_Fullest-Bragging_About_Vacation
unfair	ADJ	1	02x10_-_Enjoy_the_Resort_to_the_Fullest-Bragging_About_Vacation
lovely	ADJ	3	02x10_-_Enjoy_the_Resort_to_the_Fullest-Bragging_About_Vacation
awful	ADJ	7	02x10_-_Enjoy_the_Resort_to_the_Fullest-Bragging_About_Vacation
right	ADJ	36	02x10_-_Enjoy_the_Resort_to_the_Fullest-Bragging_About_Vacation
cool	ADJ	11	02x10_-_Enjoy_the_Resort_to_the_Fullest-Bragging_About_Vacation
enough	ADJ	3	02x10_-_Enjoy_the_Resort_to_the_Fullest-Bragging_About_Vacation
well	ADJ	22	02x10_-_Enjoy_the_Resort_to_the_Fullest-Bragging_About_Vacation
tra	ADJ	0	02x10_-_Enjoy_the_Resort_to_the_Fullest-Bragging_About_Vacation
la	ADJ	3	02x10_-_Enjoy_the_Resort_to_the_Fullest-Bragging_About_Vacation
good	ADJ	27	02x10_-_Enjoy_the_Resort_to_the_Fullest-Bragging_About_Vacation
good	ADJ	27	02x10_-_Enjoy_the_Resort_to_the_Fullest-Bragging_About_Vacation
old	ADJ	9	02x10_-_Enjoy_the_Resort_to_the_Fullest-Bragging_About_Vacation
secret	ADJ	14	02x10_-_Enjoy_the_Resort_to_the_Fullest-Bragging_About_Vacation
careless	ADJ	3	02x10_-_Enjoy_the_Resort_to_the_Fullest-Bragging_About_Vacation
convincing	ADJ	2	02x10_-_Enjoy_the_Resort_to_the_Fullest-Bragging_About_Vacation
new	ADJ	12	02x10_-_Enjoy_the_Resort_to_the_Fullest-Bragging_About_Vacation
lucky	ADJ	3	02x10_-_Enjoy_the_Resort_to_the_Fullest-Bragging_About_Vacation
good	ADJ	27	02x10_-_Enjoy_the_Resort_to_the_Fullest-Bragging_About_Vacation
little	ADJ	10	02x10_-_Enjoy_the_Resort_to_the_Fullest-Bragging_About_Vacation
long	ADJ	12	02x10_-_Enjoy_the_Resort_to_the_Fullest-Bragging_About_Vacation
serious	ADJ	6	02x10_-_Enjoy_the_Resort_to_the_Fullest-Bragging_About_Vacation
legendary	ADJ	2	02x10_-_Enjoy_the_Resort_to_the_Fullest-Bragging_About_Vacation
sorry	ADJ	4	02x10_-_Enjoy_the_Resort_to_the_Fullest-Bragging_About_Vacation
worthy	ADJ	4	02x10_-_Enjoy_the_Resort_to_the_Fullest-Bragging_About_Vacation
skilled	ADJ	1	02x10_-_Enjoy_the_Resort_to_the_Fullest-Bragging_About_Vacation
ordinary	ADJ	7	02x10_-_Enjoy_the_Resort_to_the_Fullest-Bragging_About_Vacation
ordinary	ADJ	7	02x10_-_Enjoy_the_Resort_to_the_Fullest-Bragging_About_Vacation
big	ADJ	17	02x10_-_Enjoy_the_Resort_to_the_Fullest-Bragging_About_Vacation
third	ADJ	8	02x10_-_Enjoy_the_Resort_to_the_Fullest-Bragging_About_Vacation
third	ADJ	8	02x10_-_Enjoy_the_Resort_to_the_Fullest-Bragging_About_Vacation
embarrassed	ADJ	4	02x10_-_Enjoy_the_Resort_to_the_Fullest-Bragging_About_Vacation
much	ADJ	7	02x10_-_Enjoy_the_Resort_to_the_Fullest-Bragging_About_Vacation
first	ADJ	16	02x10_-_Enjoy_the_Resort_to_the_Fullest-Bragging_About_Vacation
good	ADJ	27	02x10_-_Enjoy_the_Resort_to_the_Fullest-Bragging_About_Vacation
much	ADJ	7	02x10_-_Enjoy_the_Resort_to_the_Fullest-Bragging_About_Vacation
amazing	ADJ	4	02x10_-_Enjoy_the_Resort_to_the_Fullest-Bragging_About_Vacation
whole	ADJ	8	02x10_-_Enjoy_the_Resort_to_the_Fullest-Bragging_About_Vacation
different	ADJ	5	02x10_-_Enjoy_the_Resort_to_the_Fullest-Bragging_About_Vacation
dangerous	ADJ	2	02x10_-_Enjoy_the_Resort_to_the_Fullest-Bragging_About_Vacation
dangerous	ADJ	2	02x10_-_Enjoy_the_Resort_to_the_Fullest-Bragging_About_Vacation
foreign	ADJ	4	02x10_-_Enjoy_the_Resort_to_the_Fullest-Bragging_About_Vacation
foreign	ADJ	4	02x10_-_Enjoy_the_Resort_to_the_Fullest-Bragging_About_Vacation
amazing	ADJ	4	02x10_-_Enjoy_the_Resort_to_the_Fullest-Bragging_About_Vacation
tame	ADJ	9	02x10_-_Enjoy_the_Resort_to_the_Fullest-Bragging_About_Vacation
unfortunate	ADJ	4	02x10_-_Enjoy_the_Resort_to_the_Fullest-Bragging_About_Vacation
right	ADJ	36	02x10_-_Enjoy_the_Resort_to_the_Fullest-Bragging_About_Vacation
bad	ADJ	17	02x10_-_Enjoy_the_Resort_to_the_Fullest-Bragging_About_Vacation
secret	ADJ	14	02x10_-_Enjoy_the_Resort_to_the_Fullest-Bragging_About_Vacation
true	ADJ	15	02x10_-_Enjoy_the_Resort_to_the_Fullest-Bragging_About_Vacation
lucky	ADJ	3	02x10_-_Enjoy_the_Resort_to_the_Fullest-Bragging_About_Vacation
big	ADJ	17	02x10_-_Enjoy_the_Resort_to_the_Fullest-Bragging_About_Vacation
remarkable	ADJ	2	02x10_-_Enjoy_the_Resort_to_the_Fullest-Bragging_About_Vacation
tired	ADJ	6	02x10_-_Enjoy_the_Resort_to_the_Fullest-Bragging_About_Vacation
right	ADJ	36	02x10_-_Enjoy_the_Resort_to_the_Fullest-Bragging_About_Vacation
impressive	ADJ	2	02x10_-_Enjoy_the_Resort_to_the_Fullest-Bragging_About_Vacation
ideal	ADJ	5	02x10_-_Enjoy_the_Resort_to_the_Fullest-Bragging_About_Vacation
lovely	ADJ	3	02x10_-_Enjoy_the_Resort_to_the_Fullest-Bragging_About_Vacation
much	ADJ	7	02x10_-_Enjoy_the_Resort_to_the_Fullest-Bragging_About_Vacation
long	ADJ	12	02x10_-_Enjoy_the_Resort_to_the_Fullest-Bragging_About_Vacation
loud	ADJ	4	02x10_-_Enjoy_the_Resort_to_the_Fullest-Bragging_About_Vacation
wrong	ADJ	13	02x10_-_Enjoy_the_Resort_to_the_Fullest-Bragging_About_Vacation
little	ADJ	10	02x10_-_Enjoy_the_Resort_to_the_Fullest-Bragging_About_Vacation
convincing	ADJ	2	02x10_-_Enjoy_the_Resort_to_the_Fullest-Bragging_About_Vacation
bold	ADJ	4	02x10_-_Enjoy_the_Resort_to_the_Fullest-Bragging_About_Vacation
bad	ADJ	17	02x10_-_Enjoy_the_Resort_to_the_Fullest-Bragging_About_Vacation
many	ADJ	1	02x10_-_Enjoy_the_Resort_to_the_Fullest-Bragging_About_Vacation
current	ADJ	4	02x10_-_Enjoy_the_Resort_to_the_Fullest-Bragging_About_Vacation
right	ADJ	36	02x10_-_Enjoy_the_Resort_to_the_Fullest-Bragging_About_Vacation
good	ADJ	27	02x10_-_Enjoy_the_Resort_to_the_Fullest-Bragging_About_Vacation
true	ADJ	15	02x10_-_Enjoy_the_Resort_to_the_Fullest-Bragging_About_Vacation
possible	ADJ	4	02x10_-_Enjoy_the_Resort_to_the_Fullest-Bragging_About_Vacation
complicated	ADJ	3	02x10_-_Enjoy_the_Resort_to_the_Fullest-Bragging_About_Vacation
original	ADJ	6	02x11_-_Berlint_in_Love-Nightfall_s_Daily_Life
right	ADJ	36	02x11_-_Berlint_in_Love-Nightfall_s_Daily_Life
great	ADJ	7	02x11_-_Berlint_in_Love-Nightfall_s_Daily_Life
good	ADJ	27	02x11_-_Berlint_in_Love-Nightfall_s_Daily_Life
sorry	ADJ	4	02x11_-_Berlint_in_Love-Nightfall_s_Daily_Life
unannounced	ADJ	1	02x11_-_Berlint_in_Love-Nightfall_s_Daily_Life
happy	ADJ	4	02x11_-_Berlint_in_Love-Nightfall_s_Daily_Life
good	ADJ	27	02x11_-_Berlint_in_Love-Nightfall_s_Daily_Life
smiley	ADJ	1	02x11_-_Berlint_in_Love-Nightfall_s_Daily_Life
hot	ADJ	21	02x11_-_Berlint_in_Love-Nightfall_s_Daily_Life
bad	ADJ	17	02x11_-_Berlint_in_Love-Nightfall_s_Daily_Life
sure	ADJ	10	02x11_-_Berlint_in_Love-Nightfall_s_Daily_Life
former	ADJ	5	02x11_-_Berlint_in_Love-Nightfall_s_Daily_Life
experienced	ADJ	6	02x11_-_Berlint_in_Love-Nightfall_s_Daily_Life
first	ADJ	16	02x11_-_Berlint_in_Love-Nightfall_s_Daily_Life
small	ADJ	13	02x11_-_Berlint_in_Love-Nightfall_s_Daily_Life
right	ADJ	36	02x11_-_Berlint_in_Love-Nightfall_s_Daily_Life
right	ADJ	36	02x11_-_Berlint_in_Love-Nightfall_s_Daily_Life
sure	ADJ	10	02x11_-_Berlint_in_Love-Nightfall_s_Daily_Life
happy	ADJ	4	02x11_-_Berlint_in_Love-Nightfall_s_Daily_Life
spacious	ADJ	2	02x11_-_Berlint_in_Love-Nightfall_s_Daily_Life
first	ADJ	16	02x11_-_Berlint_in_Love-Nightfall_s_Daily_Life
yummy	ADJ	1	02x11_-_Berlint_in_Love-Nightfall_s_Daily_Life
tiresome	ADJ	1	02x11_-_Berlint_in_Love-Nightfall_s_Daily_Life
bad	ADJ	17	02x11_-_Berlint_in_Love-Nightfall_s_Daily_Life
first	ADJ	16	02x11_-_Berlint_in_Love-Nightfall_s_Daily_Life
aware	ADJ	2	02x11_-_Berlint_in_Love-Nightfall_s_Daily_Life
first	ADJ	16	02x11_-_Berlint_in_Love-Nightfall_s_Daily_Life
first	ADJ	16	02x11_-_Berlint_in_Love-Nightfall_s_Daily_Life
famous	ADJ	1	02x11_-_Berlint_in_Love-Nightfall_s_Daily_Life
important	ADJ	5	02x11_-_Berlint_in_Love-Nightfall_s_Daily_Life
few	ADJ	2	02x11_-_Berlint_in_Love-Nightfall_s_Daily_Life
able	ADJ	4	02x11_-_Berlint_in_Love-Nightfall_s_Daily_Life
worth	ADJ	5	02x11_-_Berlint_in_Love-Nightfall_s_Daily_Life
busy	ADJ	6	02x11_-_Berlint_in_Love-Nightfall_s_Daily_Life
nice	ADJ	6	02x11_-_Berlint_in_Love-Nightfall_s_Daily_Life
other	ADJ	4	02x11_-_Berlint_in_Love-Nightfall_s_Daily_Life
next	ADJ	4	02x11_-_Berlint_in_Love-Nightfall_s_Daily_Life
great	ADJ	7	02x11_-_Berlint_in_Love-Nightfall_s_Daily_Life
countless	ADJ	1	02x11_-_Berlint_in_Love-Nightfall_s_Daily_Life
useful	ADJ	2	02x11_-_Berlint_in_Love-Nightfall_s_Daily_Life
close	ADJ	37	02x11_-_Berlint_in_Love-Nightfall_s_Daily_Life
future	ADJ	7	02x11_-_Berlint_in_Love-Nightfall_s_Daily_Life
such	ADJ	2	02x11_-_Berlint_in_Love-Nightfall_s_Daily_Life
serious	ADJ	6	02x11_-_Berlint_in_Love-Nightfall_s_Daily_Life
fun	ADJ	4	02x11_-_Berlint_in_Love-Nightfall_s_Daily_Life
last	ADJ	21	02x11_-_Berlint_in_Love-Nightfall_s_Daily_Life
-first	ADJ	0	02x11_-_Berlint_in_Love-Nightfall_s_Daily_Life
first	ADJ	16	02x11_-_Berlint_in_Love-Nightfall_s_Daily_Life
cute	ADJ	2	02x11_-_Berlint_in_Love-Nightfall_s_Daily_Life
close	ADJ	37	02x11_-_Berlint_in_Love-Nightfall_s_Daily_Life
naive	ADJ	5	02x11_-_Berlint_in_Love-Nightfall_s_Daily_Life
trivial	ADJ	3	02x11_-_Berlint_in_Love-Nightfall_s_Daily_Life
womanly	ADJ	1	02x11_-_Berlint_in_Love-Nightfall_s_Daily_Life
dull	ADJ	19	02x11_-_Berlint_in_Love-Nightfall_s_Daily_Life
more	ADJ	5	02x11_-_Berlint_in_Love-Nightfall_s_Daily_Life
sexy	ADJ	2	02x11_-_Berlint_in_Love-Nightfall_s_Daily_Life
happy	ADJ	4	02x11_-_Berlint_in_Love-Nightfall_s_Daily_Life
long	ADJ	12	02x11_-_Berlint_in_Love-Nightfall_s_Daily_Life
next	ADJ	4	02x11_-_Berlint_in_Love-Nightfall_s_Daily_Life
crazy	ADJ	6	02x11_-_Berlint_in_Love-Nightfall_s_Daily_Life
ill	ADJ	9	02x11_-_Berlint_in_Love-Nightfall_s_Daily_Life
formal	ADJ	8	02x11_-_Berlint_in_Love-Nightfall_s_Daily_Life
curious	ADJ	3	02x11_-_Berlint_in_Love-Nightfall_s_Daily_Life
famous	ADJ	1	02x11_-_Berlint_in_Love-Nightfall_s_Daily_Life
wrong	ADJ	13	02x11_-_Berlint_in_Love-Nightfall_s_Daily_Life
impressive	ADJ	2	02x11_-_Berlint_in_Love-Nightfall_s_Daily_Life
nice	ADJ	6	02x11_-_Berlint_in_Love-Nightfall_s_Daily_Life
confident	ADJ	3	02x11_-_Berlint_in_Love-Nightfall_s_Daily_Life
first	ADJ	16	02x11_-_Berlint_in_Love-Nightfall_s_Daily_Life
little	ADJ	10	02x11_-_Berlint_in_Love-Nightfall_s_Daily_Life
drunk	ADJ	9	02x11_-_Berlint_in_Love-Nightfall_s_Daily_Life
okay	ADJ	4	02x11_-_Berlint_in_Love-Nightfall_s_Daily_Life
nauseous	ADJ	2	02x11_-_Berlint_in_Love-Nightfall_s_Daily_Life
okay	ADJ	4	02x11_-_Berlint_in_Love-Nightfall_s_Daily_Life
acute	ADJ	7	02x11_-_Berlint_in_Love-Nightfall_s_Daily_Life
awake	ADJ	3	02x11_-_Berlint_in_Love-Nightfall_s_Daily_Life
asleep	ADJ	5	02x11_-_Berlint_in_Love-Nightfall_s_Daily_Life
wrong	ADJ	13	02x11_-_Berlint_in_Love-Nightfall_s_Daily_Life
drunk	ADJ	9	02x11_-_Berlint_in_Love-Nightfall_s_Daily_Life
sorry	ADJ	4	02x11_-_Berlint_in_Love-Nightfall_s_Daily_Life
sorry	ADJ	4	02x11_-_Berlint_in_Love-Nightfall_s_Daily_Life
glad	ADJ	5	02x11_-_Berlint_in_Love-Nightfall_s_Daily_Life
okay	ADJ	4	02x11_-_Berlint_in_Love-Nightfall_s_Daily_Life
mad	ADJ	4	02x11_-_Berlint_in_Love-Nightfall_s_Daily_Life
safe	ADJ	7	02x11_-_Berlint_in_Love-Nightfall_s_Daily_Life
happy	ADJ	4	02x11_-_Berlint_in_Love-Nightfall_s_Daily_Life
lovely	ADJ	3	02x11_-_Berlint_in_Love-Nightfall_s_Daily_Life
broad	ADJ	9	02x11_-_Berlint_in_Love-Nightfall_s_Daily_Life
minded	ADJ	8	02x11_-_Berlint_in_Love-Nightfall_s_Daily_Life
okay	ADJ	4	02x11_-_Berlint_in_Love-Nightfall_s_Daily_Life
useless	ADJ	1	02x11_-_Berlint_in_Love-Nightfall_s_Daily_Life
curious	ADJ	3	02x11_-_Berlint_in_Love-Nightfall_s_Daily_Life
other	ADJ	4	02x11_-_Berlint_in_Love-Nightfall_s_Daily_Life
strong	ADJ	10	02x11_-_Berlint_in_Love-Nightfall_s_Daily_Life
strong	ADJ	10	02x11_-_Berlint_in_Love-Nightfall_s_Daily_Life
strong	ADJ	10	02x11_-_Berlint_in_Love-Nightfall_s_Daily_Life
strong	ADJ	10	02x11_-_Berlint_in_Love-Nightfall_s_Daily_Life
tough	ADJ	12	02x11_-_Berlint_in_Love-Nightfall_s_Daily_Life
worried	ADJ	8	02x11_-_Berlint_in_Love-Nightfall_s_Daily_Life
strong	ADJ	10	02x11_-_Berlint_in_Love-Nightfall_s_Daily_Life
strong	ADJ	10	02x11_-_Berlint_in_Love-Nightfall_s_Daily_Life
sudden	ADJ	1	02x11_-_Berlint_in_Love-Nightfall_s_Daily_Life
rich	ADJ	13	02x11_-_Berlint_in_Love-Nightfall_s_Daily_Life
weak	ADJ	12	02x11_-_Berlint_in_Love-Nightfall_s_Daily_Life
weak	ADJ	12	02x11_-_Berlint_in_Love-Nightfall_s_Daily_Life
worthless	ADJ	2	02x11_-_Berlint_in_Love-Nightfall_s_Daily_Life
right	ADJ	36	02x11_-_Berlint_in_Love-Nightfall_s_Daily_Life
grand	ADJ	10	02x11_-_Berlint_in_Love-Nightfall_s_Daily_Life
little	ADJ	10	02x11_-_Berlint_in_Love-Nightfall_s_Daily_Life
more	ADJ	5	02x11_-_Berlint_in_Love-Nightfall_s_Daily_Life
true	ADJ	15	02x11_-_Berlint_in_Love-Nightfall_s_Daily_Life
strong	ADJ	10	02x11_-_Berlint_in_Love-Nightfall_s_Daily_Life
professional	ADJ	8	02x11_-_Berlint_in_Love-Nightfall_s_Daily_Life
rounded	ADJ	8	02x11_-_Berlint_in_Love-Nightfall_s_Daily_Life
broad	ADJ	9	02x11_-_Berlint_in_Love-Nightfall_s_Daily_Life
perfect	ADJ	5	02x11_-_Berlint_in_Love-Nightfall_s_Daily_Life
strong	ADJ	10	02x11_-_Berlint_in_Love-Nightfall_s_Daily_Life
right	ADJ	36	02x11_-_Berlint_in_Love-Nightfall_s_Daily_Life
little	ADJ	10	02x11_-_Berlint_in_Love-Nightfall_s_Daily_Life
more	ADJ	5	02x11_-_Berlint_in_Love-Nightfall_s_Daily_Life
right	ADJ	36	02x11_-_Berlint_in_Love-Nightfall_s_Daily_Life
sorry	ADJ	4	02x11_-_Berlint_in_Love-Nightfall_s_Daily_Life
envious	ADJ	1	02x11_-_Berlint_in_Love-Nightfall_s_Daily_Life
wise	ADJ	7	02x11_-_Berlint_in_Love-Nightfall_s_Daily_Life
more	ADJ	5	02x11_-_Berlint_in_Love-Nightfall_s_Daily_Life
sorry	ADJ	4	02x11_-_Berlint_in_Love-Nightfall_s_Daily_Life
urgent	ADJ	1	02x11_-_Berlint_in_Love-Nightfall_s_Daily_Life
few	ADJ	2	02x11_-_Berlint_in_Love-Nightfall_s_Daily_Life
other	ADJ	4	02x11_-_Berlint_in_Love-Nightfall_s_Daily_Life
own	ADJ	2	02x11_-_Berlint_in_Love-Nightfall_s_Daily_Life
glad	ADJ	5	02x11_-_Berlint_in_Love-Nightfall_s_Daily_Life
willing	ADJ	6	02x11_-_Berlint_in_Love-Nightfall_s_Daily_Life
own	ADJ	2	02x11_-_Berlint_in_Love-Nightfall_s_Daily_Life
current	ADJ	4	02x11_-_Berlint_in_Love-Nightfall_s_Daily_Life
fine	ADJ	10	02x11_-_Berlint_in_Love-Nightfall_s_Daily_Life
skilled	ADJ	1	02x11_-_Berlint_in_Love-Nightfall_s_Daily_Life
skilled	ADJ	1	02x11_-_Berlint_in_Love-Nightfall_s_Daily_Life
such	ADJ	2	02x11_-_Berlint_in_Love-Nightfall_s_Daily_Life
easy	ADJ	15	02x11_-_Berlint_in_Love-Nightfall_s_Daily_Life
big	ADJ	17	02x11_-_Berlint_in_Love-Nightfall_s_Daily_Life
many	ADJ	1	02x11_-_Berlint_in_Love-Nightfall_s_Daily_Life
valuable	ADJ	3	02x11_-_Berlint_in_Love-Nightfall_s_Daily_Life
necessary	ADJ	3	02x11_-_Berlint_in_Love-Nightfall_s_Daily_Life
full	ADJ	13	02x11_-_Berlint_in_Love-Nightfall_s_Daily_Life
sure	ADJ	10	02x11_-_Berlint_in_Love-Nightfall_s_Daily_Life
suited	ADJ	6	02x11_-_Berlint_in_Love-Nightfall_s_Daily_Life
enough	ADJ	3	02x11_-_Berlint_in_Love-Nightfall_s_Daily_Life
enough	ADJ	3	02x11_-_Berlint_in_Love-Nightfall_s_Daily_Life
certain	ADJ	7	02x11_-_Berlint_in_Love-Nightfall_s_Daily_Life
more	ADJ	5	02x11_-_Berlint_in_Love-Nightfall_s_Daily_Life
More	ADJ	5	02x11_-_Berlint_in_Love-Nightfall_s_Daily_Life
More	ADJ	5	02x11_-_Berlint_in_Love-Nightfall_s_Daily_Life
helpful	ADJ	1	02x11_-_Berlint_in_Love-Nightfall_s_Daily_Life
last	ADJ	21	02x11_-_Berlint_in_Love-Nightfall_s_Daily_Life
major	ADJ	13	02x11_-_Berlint_in_Love-Nightfall_s_Daily_Life
ordinary	ADJ	7	02x11_-_Berlint_in_Love-Nightfall_s_Daily_Life
potential	ADJ	4	02x11_-_Berlint_in_Love-Nightfall_s_Daily_Life
particular	ADJ	9	02x11_-_Berlint_in_Love-Nightfall_s_Daily_Life
ordinary	ADJ	7	02x11_-_Berlint_in_Love-Nightfall_s_Daily_Life
useful	ADJ	2	02x11_-_Berlint_in_Love-Nightfall_s_Daily_Life
next	ADJ	4	02x11_-_Berlint_in_Love-Nightfall_s_Daily_Life
sure	ADJ	10	02x11_-_Berlint_in_Love-Nightfall_s_Daily_Life
particular	ADJ	9	02x11_-_Berlint_in_Love-Nightfall_s_Daily_Life
own	ADJ	2	02x11_-_Berlint_in_Love-Nightfall_s_Daily_Life
good	ADJ	27	02x11_-_Berlint_in_Love-Nightfall_s_Daily_Life
good	ADJ	27	02x11_-_Berlint_in_Love-Nightfall_s_Daily_Life
discrete	ADJ	1	02x12_-_Part_of_the_Family
fierce	ADJ	4	02x12_-_Part_of_the_Family
key	ADJ	21	02x12_-_Part_of_the_Family
ostanian	ADJ	0	02x12_-_Part_of_the_Family
skilled	ADJ	1	02x12_-_Part_of_the_Family
different	ADJ	5	02x12_-_Part_of_the_Family
true	ADJ	15	02x12_-_Part_of_the_Family
true	ADJ	15	02x12_-_Part_of_the_Family
true	ADJ	15	02x12_-_Part_of_the_Family
psychic	ADJ	3	02x12_-_Part_of_the_Family
own	ADJ	2	02x12_-_Part_of_the_Family
personal	ADJ	6	02x12_-_Part_of_the_Family
fake	ADJ	8	02x12_-_Part_of_the_Family
other	ADJ	4	02x12_-_Part_of_the_Family
original	ADJ	6	02x12_-_Part_of_the_Family
busy	ADJ	6	02x12_-_Part_of_the_Family
high	ADJ	18	02x12_-_Part_of_the_Family
popular	ADJ	4	02x12_-_Part_of_the_Family
good	ADJ	27	02x12_-_Part_of_the_Family
critical	ADJ	7	02x12_-_Part_of_the_Family
alive	ADJ	7	02x12_-_Part_of_the_Family
good	ADJ	27	02x12_-_Part_of_the_Family
bad	ADJ	17	02x12_-_Part_of_the_Family
suspect	ADJ	6	02x12_-_Part_of_the_Family
multiple	ADJ	2	02x12_-_Part_of_the_Family
critical	ADJ	7	02x12_-_Part_of_the_Family
gentle	ADJ	10	02x12_-_Part_of_the_Family
dangerous	ADJ	2	02x12_-_Part_of_the_Family
good	ADJ	27	02x12_-_Part_of_the_Family
enough	ADJ	3	02x12_-_Part_of_the_Family
tough	ADJ	12	02x12_-_Part_of_the_Family
wrong	ADJ	13	02x12_-_Part_of_the_Family
hard	ADJ	22	02x12_-_Part_of_the_Family
intelligent	ADJ	4	02x12_-_Part_of_the_Family
military	ADJ	4	02x12_-_Part_of_the_Family
right	ADJ	36	02x12_-_Part_of_the_Family
sick	ADJ	9	02x12_-_Part_of_the_Family
tired	ADJ	6	02x12_-_Part_of_the_Family
simple	ADJ	9	02x12_-_Part_of_the_Family
useless	ADJ	1	02x12_-_Part_of_the_Family
real	ADJ	13	02x12_-_Part_of_the_Family
different	ADJ	5	02x12_-_Part_of_the_Family
enjoyable	ADJ	1	02x12_-_Part_of_the_Family
many	ADJ	1	02x12_-_Part_of_the_Family
cute	ADJ	2	02x12_-_Part_of_the_Family
normal	ADJ	5	02x12_-_Part_of_the_Family
little	ADJ	10	02x12_-_Part_of_the_Family
unfair	ADJ	1	02x12_-_Part_of_the_Family
much	ADJ	7	02x12_-_Part_of_the_Family
good	ADJ	27	02x12_-_Part_of_the_Family
worth	ADJ	5	02x12_-_Part_of_the_Family
wrong	ADJ	13	02x12_-_Part_of_the_Family
little	ADJ	10	02x12_-_Part_of_the_Family
sorry	ADJ	4	02x12_-_Part_of_the_Family
little	ADJ	10	02x12_-_Part_of_the_Family
nice	ADJ	6	02x12_-_Part_of_the_Family
jealous	ADJ	2	02x12_-_Part_of_the_Family
sudden	ADJ	1	02x12_-_Part_of_the_Family
hungry	ADJ	2	02x12_-_Part_of_the_Family
sorry	ADJ	4	02x12_-_Part_of_the_Family
right	ADJ	36	02x12_-_Part_of_the_Family
weird	ADJ	3	02x12_-_Part_of_the_Family
sorry	ADJ	4	02x12_-_Part_of_the_Family
innocent	ADJ	8	02x12_-_Part_of_the_Family
preposterous	ADJ	1	02x12_-_Part_of_the_Family
strange	ADJ	3	02x12_-_Part_of_the_Family
irrational	ADJ	3	02x12_-_Part_of_the_Family
enough	ADJ	3	02x12_-_Part_of_the_Family
sick	ADJ	9	02x12_-_Part_of_the_Family
dangerous	ADJ	2	02x12_-_Part_of_the_Family
inside	ADJ	10	02x12_-_Part_of_the_Family
restless	ADJ	3	02x12_-_Part_of_the_Family
hot	ADJ	21	02x12_-_Part_of_the_Family
impressive	ADJ	2	02x12_-_Part_of_the_Family
low	ADJ	16	02x12_-_Part_of_the_Family
scared	ADJ	4	02x12_-_Part_of_the_Family
good	ADJ	27	02x12_-_Part_of_the_Family
low	ADJ	16	02x12_-_Part_of_the_Family
outside	ADJ	14	02x12_-_Part_of_the_Family
dangerous	ADJ	2	02x12_-_Part_of_the_Family
only	ADJ	9	02x12_-_Part_of_the_Family
amazing	ADJ	4	02x12_-_Part_of_the_Family
outside	ADJ	14	02x12_-_Part_of_the_Family
able	ADJ	4	02x12_-_Part_of_the_Family
plastic	ADJ	5	02x12_-_Part_of_the_Family
clean	ADJ	31	02x12_-_Part_of_the_Family
simple	ADJ	9	02x12_-_Part_of_the_Family
little	ADJ	10	02x12_-_Part_of_the_Family
impressive	ADJ	2	02x12_-_Part_of_the_Family
thin	ADJ	13	02x12_-_Part_of_the_Family
wet	ADJ	9	02x12_-_Part_of_the_Family
good	ADJ	27	02x12_-_Part_of_the_Family
sure	ADJ	10	02x12_-_Part_of_the_Family
dangerous	ADJ	2	02x12_-_Part_of_the_Family
inside	ADJ	10	02x12_-_Part_of_the_Family
addictive	ADJ	1	02x12_-_Part_of_the_Family
wet	ADJ	9	02x12_-_Part_of_the_Family
skinny	ADJ	5	02x12_-_Part_of_the_Family
little	ADJ	10	02x12_-_Part_of_the_Family
little	ADJ	10	02x12_-_Part_of_the_Family
serial	ADJ	6	02x12_-_Part_of_the_Family
good	ADJ	27	02x12_-_Part_of_the_Family
great	ADJ	7	02x12_-_Part_of_the_Family
glad	ADJ	5	02x12_-_Part_of_the_Family
glad	ADJ	5	02x12_-_Part_of_the_Family
safe	ADJ	7	02x12_-_Part_of_the_Family
able	ADJ	4	02x12_-_Part_of_the_Family
sorry	ADJ	4	02x12_-_Part_of_the_Family
serious	ADJ	6	02x12_-_Part_of_the_Family
huge	ADJ	1	02x12_-_Part_of_the_Family
super	ADJ	5	02x12_-_Part_of_the_Family
thin	ADJ	13	02x12_-_Part_of_the_Family
good	ADJ	27	02x12_-_Part_of_the_Family
amazing	ADJ	4	02x12_-_Part_of_the_Family
reckless	ADJ	2	02x12_-_Part_of_the_Family
sad	ADJ	3	02x12_-_Part_of_the_Family
sorry	ADJ	4	02x12_-_Part_of_the_Family
first	ADJ	16	02x12_-_Part_of_the_Family
good	ADJ	27	02x12_-_Part_of_the_Family
extra	ADJ	7	02x12_-_Part_of_the_Family
alone	ADJ	6	02x12_-_Part_of_the_Family
wet	ADJ	9	02x12_-_Part_of_the_Family
difficult	ADJ	2	02x12_-_Part_of_the_Family
much	ADJ	7	02x12_-_Part_of_the_Family
wilted	ADJ	3	02x12_-_Part_of_the_Family
shriveled	ADJ	5	02x12_-_Part_of_the_Family
different	ADJ	5	02x12_-_Part_of_the_Family
wet	ADJ	9	02x12_-_Part_of_the_Family
fluffy	ADJ	1	02x12_-_Part_of_the_Family
great	ADJ	7	02x12_-_Part_of_the_Family
great	ADJ	7	02x12_-_Part_of_the_Family
real	ADJ	13	02x12_-_Part_of_the_Family
